recipe,xpname,transfection_date,calibration,calibration_diagnostics,n_repeats,best_repeat,network_loaded,architecture,sequestron_type,colors
(1:1; 100+110)+(2:1; 102+108),E20221206A_ERNbandpassV3,['2022-12-06'],no,[False],1,0,False,unknown,unknown,
(1:1; 100+123)+(2:1; 102+122)+103,E20221206A_ERNbandpassV3,['2022-12-06'],no,[False],1,0,False,unknown,unknown,"eYFPG5A,iRFP720,mKate,tagBFP"
(1:1; 101+104)+(2:1; 102+103),E20221206A_ERNbandpassV3,['2022-12-06'],no,[False],1,0,False,unknown,unknown,
(1:1; 101+116)+(2:1; 102+117),E20221206A_ERNbandpassV3,['2022-12-06'],no,[False],1,0,False,unknown,unknown,"iRFP720,mKate"
(1:5; 100+73)+100i,E20221124A_ERNbandpassV2,['2022-11-22'],no,[False],1,0,False,unknown,unknown,
(1wCsy4)+(Csy4R1w_Y+B),2023-03-26_MatrixCsy4,['2023-03-23-23-00'],old,[False],1,0,True,single,ERN,"eBFP,eYFP,mKate"
(1wCsy4)+(Csy4R1x_Y+B),2023-03-26_MatrixCsy4,['2023-03-23-23-00'],old,[False],1,0,True,single,ERN,"eBFP,eYFP,mKate"
(1wCsy4)+(Csy4R2x_Y+B),2023-03-26_MatrixCsy4,['2023-03-23-23-00'],old,[False],1,0,True,single,ERN,"eBFP,eYFP,mKate"
(1wCsy4)+(Csy4R3x_Y+B),2023-03-26_MatrixCsy4,['2023-03-23-23-00'],old,[False],1,0,True,single,ERN,"eBFP,eYFP,mKate"
(1wCsy4)+(Csy4R4x_Y+B),2023-03-26_MatrixCsy4,['2023-03-23-23-00'],old,[False],1,0,True,single,ERN,"eBFP,eYFP,mKate"
(1wCsy4)+(Csy4R5x_Y+B),2023-03-26_MatrixCsy4,['2023-03-23-23-00'],old,[False],1,0,True,single,ERN,"eBFP,eYFP,mKate"
(1wCsy4)+(Csy4R6x_Y+B),2023-03-26_MatrixCsy4,['2023-03-23-23-00'],old,[False],1,0,True,single,ERN,"eBFP,eYFP,mKate"
(1wCsy4)+(Csy4R8x_Y+B),2023-03-26_MatrixCsy4,['2023-03-23-23-00'],old,[False],1,0,True,single,ERN,"eBFP,eYFP,mKate"
(1wCsy4)+(Csy4R_Y+B),2023-03-26_MatrixCsy4,['2023-03-23-23-00'],old,[False],1,0,True,single,ERN,"eBFP,eYFP,mKate"
(1xCsy4)+(Csy4R1w_Y+B),2023-03-26_MatrixCsy4,['2023-03-23-23-00'],old,[False],1,0,True,single,ERN,"eBFP,eYFP,mKate"
(1xCsy4)+(Csy4R1x_Y+B),2023-03-26_MatrixCsy4,['2023-03-23-23-00'],old,[False],1,0,True,single,ERN,"eBFP,eYFP,mKate"
(1xCsy4)+(Csy4R2x_Y+B),2023-03-26_MatrixCsy4,['2023-03-23-23-00'],old,[False],1,0,True,single,ERN,"eBFP,eYFP,mKate"
(1xCsy4)+(Csy4R3x_Y+B),2023-03-26_MatrixCsy4,['2023-03-23-23-00'],old,[False],1,0,True,single,ERN,"eBFP,eYFP,mKate"
(1xCsy4)+(Csy4R4x_Y+B),2023-03-26_MatrixCsy4,['2023-03-23-23-00'],old,[False],1,0,True,single,ERN,"eBFP,eYFP,mKate"
(1xCsy4)+(Csy4R5x_Y+B),2023-03-26_MatrixCsy4,['2023-03-23-23-00'],old,[False],1,0,True,single,ERN,"eBFP,eYFP,mKate"
(1xCsy4)+(Csy4R6x_Y+B),2023-03-26_MatrixCsy4,['2023-03-23-23-00'],old,[False],1,0,True,single,ERN,"eBFP,eYFP,mKate"
(1xCsy4)+(Csy4R8x_Y+B),2023-03-26_MatrixCsy4,['2023-03-23-23-00'],old,[False],1,0,True,single,ERN,"eBFP,eYFP,mKate"
(1xCsy4)+(Csy4R_Y+B),2023-03-26_MatrixCsy4,['2023-03-23-23-00'],old,[False],1,0,True,single,ERN,"eBFP,eYFP,mKate"
(2xCsy4)+(Csy4R1w_Y+B),2023-03-26_MatrixCsy4,['2023-03-23-23-00'],old,[False],1,0,True,single,ERN,"eBFP,eYFP,mKate"
(2xCsy4)+(Csy4R1x_Y+B),2023-03-26_MatrixCsy4,['2023-03-23-23-00'],old,[False],1,0,True,single,ERN,"eBFP,eYFP,mKate"
(2xCsy4)+(Csy4R2x_Y+B),2023-03-26_MatrixCsy4,['2023-03-23-23-00'],old,[False],1,0,True,single,ERN,"eBFP,eYFP,mKate"
(2xCsy4)+(Csy4R3x_Y+B),2023-03-26_MatrixCsy4,['2023-03-23-23-00'],old,[False],1,0,True,single,ERN,"eBFP,eYFP,mKate"
(2xCsy4)+(Csy4R4x_Y+B),2023-03-26_MatrixCsy4,['2023-03-23-23-00'],old,[False],1,0,True,single,ERN,"eBFP,eYFP,mKate"
(2xCsy4)+(Csy4R5x_Y+B),2023-03-26_MatrixCsy4,['2023-03-23-23-00'],old,[False],1,0,True,single,ERN,"eBFP,eYFP,mKate"
(2xCsy4)+(Csy4R6x_Y+B),2023-03-26_MatrixCsy4,['2023-03-23-23-00'],old,[False],1,0,True,single,ERN,"eBFP,eYFP,mKate"
(2xCsy4)+(Csy4R8x_Y+B),2023-03-26_MatrixCsy4,['2023-03-23-23-00'],old,[False],1,0,True,single,ERN,"eBFP,eYFP,mKate"
(2xCsy4)+(Csy4R_Y+B),2023-03-26_MatrixCsy4,['2023-03-23-23-00'],old,[False],1,0,True,single,ERN,"eBFP,eYFP,mKate"
(3xCsy4)+(Csy4R1w_Y+B),2023-03-26_MatrixCsy4,['2023-03-23-23-00'],old,[False],1,0,True,single,ERN,"eBFP,eYFP,mKate"
(3xCsy4)+(Csy4R1x_Y+B),2023-03-26_MatrixCsy4,['2023-03-23-23-00'],old,[False],1,0,True,single,ERN,"eBFP,eYFP,mKate"
(3xCsy4)+(Csy4R2x_Y+B),2023-03-26_MatrixCsy4,['2023-03-23-23-00'],old,[False],1,0,True,single,ERN,"eBFP,eYFP,mKate"
(3xCsy4)+(Csy4R3x_Y+B),2023-03-26_MatrixCsy4,['2023-03-23-23-00'],old,[False],1,0,True,single,ERN,"eBFP,eYFP,mKate"
(3xCsy4)+(Csy4R4x_Y+B),2023-03-26_MatrixCsy4,['2023-03-23-23-00'],old,[False],1,0,True,single,ERN,"eBFP,eYFP,mKate"
(3xCsy4)+(Csy4R5x_Y+B),2023-03-26_MatrixCsy4,['2023-03-23-23-00'],old,[False],1,0,True,single,ERN,"eBFP,eYFP,mKate"
(3xCsy4)+(Csy4R6x_Y+B),2023-03-26_MatrixCsy4,['2023-03-23-23-00'],old,[False],1,0,True,single,ERN,"eBFP,eYFP,mKate"
(3xCsy4)+(Csy4R8x_Y+B),2023-03-26_MatrixCsy4,['2023-03-23-23-00'],old,[False],1,0,True,single,ERN,"eBFP,eYFP,mKate"
(3xCsy4)+(Csy4R_Y+B),2023-03-26_MatrixCsy4,['2023-03-23-23-00'],old,[False],1,0,True,single,ERN,"eBFP,eYFP,mKate"
(4xCsy4)+(Csy4R1w_Y+B),2023-03-26_MatrixCsy4,['2023-03-23-23-00'],old,[False],1,0,True,single,ERN,"eBFP,eYFP,mKate"
(4xCsy4)+(Csy4R1x_Y+B),2023-03-26_MatrixCsy4,['2023-03-23-23-00'],old,[False],1,0,True,single,ERN,"eBFP,eYFP,mKate"
(4xCsy4)+(Csy4R2x_Y+B),2023-03-26_MatrixCsy4,['2023-03-23-23-00'],old,[False],1,0,True,single,ERN,"eBFP,eYFP,mKate"
(4xCsy4)+(Csy4R3x_Y+B),2023-03-26_MatrixCsy4,['2023-03-23-23-00'],old,[False],1,0,True,single,ERN,"eBFP,eYFP,mKate"
(4xCsy4)+(Csy4R4x_Y+B),2023-03-26_MatrixCsy4,['2023-03-23-23-00'],old,[False],1,0,True,single,ERN,"eBFP,eYFP,mKate"
(4xCsy4)+(Csy4R5x_Y+B),2023-03-26_MatrixCsy4,['2023-03-23-23-00'],old,[False],1,0,True,single,ERN,"eBFP,eYFP,mKate"
(4xCsy4)+(Csy4R6x_Y+B),2023-03-26_MatrixCsy4,['2023-03-23-23-00'],old,[False],1,0,True,single,ERN,"eBFP,eYFP,mKate"
(4xCsy4)+(Csy4R8x_Y+B),2023-03-26_MatrixCsy4,['2023-03-23-23-00'],old,[False],1,0,True,single,ERN,"eBFP,eYFP,mKate"
(4xCsy4)+(Csy4R_Y+B),2023-03-26_MatrixCsy4,['2023-03-23-23-00'],old,[False],1,0,True,single,ERN,"eBFP,eYFP,mKate"
(5xCsy4)+(Csy4R1w_Y+B),2023-03-26_MatrixCsy4,['2023-03-23-23-00'],old,[False],1,0,True,single,ERN,"eBFP,eYFP,mKate"
(5xCsy4)+(Csy4R1x_Y+B),2023-03-26_MatrixCsy4,['2023-03-23-23-00'],old,[False],1,0,True,single,ERN,"eBFP,eYFP,mKate"
(5xCsy4)+(Csy4R2x_Y+B),2023-03-26_MatrixCsy4,['2023-03-23-23-00'],old,[False],1,0,True,single,ERN,"eBFP,eYFP,mKate"
(5xCsy4)+(Csy4R3x_Y+B),2023-03-26_MatrixCsy4,['2023-03-23-23-00'],old,[False],1,0,True,single,ERN,"eBFP,eYFP,mKate"
(5xCsy4)+(Csy4R4x_Y+B),2023-03-26_MatrixCsy4,['2023-03-23-23-00'],old,[False],1,0,True,single,ERN,"eBFP,eYFP,mKate"
(5xCsy4)+(Csy4R5x_Y+B),2023-03-26_MatrixCsy4,['2023-03-23-23-00'],old,[False],1,0,True,single,ERN,"eBFP,eYFP,mKate"
(5xCsy4)+(Csy4R6x_Y+B),2023-03-26_MatrixCsy4,['2023-03-23-23-00'],old,[False],1,0,True,single,ERN,"eBFP,eYFP,mKate"
(5xCsy4)+(Csy4R8x_Y+B),2023-03-26_MatrixCsy4,['2023-03-23-23-00'],old,[False],1,0,True,single,ERN,"eBFP,eYFP,mKate"
(5xCsy4)+(Csy4R_Y+B),2023-03-26_MatrixCsy4,['2023-03-23-23-00'],old,[False],1,0,True,single,ERN,"eBFP,eYFP,mKate"
(6xCsy4)+(Csy4R1w_Y+B),2023-03-26_MatrixCsy4,['2023-03-23-23-00'],old,[False],1,0,True,single,ERN,"eBFP,eYFP,mKate"
(6xCsy4)+(Csy4R1x_Y+B),2023-03-26_MatrixCsy4,['2023-03-23-23-00'],old,[False],1,0,True,single,ERN,"eBFP,eYFP,mKate"
(6xCsy4)+(Csy4R2x_Y+B),2023-03-26_MatrixCsy4,['2023-03-23-23-00'],old,[False],1,0,True,single,ERN,"eBFP,eYFP,mKate"
(6xCsy4)+(Csy4R3x_Y+B),2023-03-26_MatrixCsy4,['2023-03-23-23-00'],old,[False],1,0,True,single,ERN,"eBFP,eYFP,mKate"
(6xCsy4)+(Csy4R4x_Y+B),2023-03-26_MatrixCsy4,['2023-03-23-23-00'],old,[False],1,0,True,single,ERN,"eBFP,eYFP,mKate"
(6xCsy4)+(Csy4R5x_Y+B),2023-03-26_MatrixCsy4,['2023-03-23-23-00'],old,[False],1,0,True,single,ERN,"eBFP,eYFP,mKate"
(6xCsy4)+(Csy4R6x_Y+B),2023-03-26_MatrixCsy4,['2023-03-23-23-00'],old,[False],1,0,True,single,ERN,"eBFP,eYFP,mKate"
(6xCsy4)+(Csy4R8x_Y+B),2023-03-26_MatrixCsy4,['2023-03-23-23-00'],old,[False],1,0,True,single,ERN,"eBFP,eYFP,mKate"
(6xCsy4)+(Csy4R_Y+B),2023-03-26_MatrixCsy4,['2023-03-23-23-00'],old,[False],1,0,True,single,ERN,"eBFP,eYFP,mKate"
(8xCsy4)+(Csy4R1w_Y+B),2023-03-26_MatrixCsy4,['2023-03-23-23-00'],old,[False],1,0,True,single,ERN,"eBFP,eYFP,mKate"
(8xCsy4)+(Csy4R1x_Y+B),2023-03-26_MatrixCsy4,['2023-03-23-23-00'],old,[False],1,0,True,single,ERN,"eBFP,eYFP,mKate"
(8xCsy4)+(Csy4R2x_Y+B),2023-03-26_MatrixCsy4,['2023-03-23-23-00'],old,[False],1,0,True,single,ERN,"eBFP,eYFP,mKate"
(8xCsy4)+(Csy4R3x_Y+B),2023-03-26_MatrixCsy4,['2023-03-23-23-00'],old,[False],1,0,True,single,ERN,"eBFP,eYFP,mKate"
(8xCsy4)+(Csy4R4x_Y+B),2023-03-26_MatrixCsy4,['2023-03-23-23-00'],old,[False],1,0,True,single,ERN,"eBFP,eYFP,mKate"
(8xCsy4)+(Csy4R5x_Y+B),2023-03-26_MatrixCsy4,['2023-03-23-23-00'],old,[False],1,0,True,single,ERN,"eBFP,eYFP,mKate"
(8xCsy4)+(Csy4R6x_Y+B),2023-03-26_MatrixCsy4,['2023-03-23-23-00'],old,[False],1,0,True,single,ERN,"eBFP,eYFP,mKate"
(8xCsy4)+(Csy4R8x_Y+B),2023-03-26_MatrixCsy4,['2023-03-23-23-00'],old,[False],1,0,True,single,ERN,"eBFP,eYFP,mKate"
(8xCsy4)+(Csy4R_Y+B),2023-03-26_MatrixCsy4,['2023-03-23-23-00'],old,[False],1,0,True,single,ERN,"eBFP,eYFP,mKate"
(Csy4)+(Csy4R1w_Y+B),2023-03-26_MatrixCsy4,['2023-03-23-23-00'],old,[False],1,0,True,single,ERN,"eBFP,eYFP,mKate"
(Csy4)+(Csy4R1x_Y+B),2023-03-26_MatrixCsy4,['2023-03-23-23-00'],old,[False],1,0,True,single,ERN,"eBFP,eYFP,mKate"
(Csy4)+(Csy4R2x_Y+B),2023-03-26_MatrixCsy4,['2023-03-23-23-00'],old,[False],1,0,True,single,ERN,"eBFP,eYFP,mKate"
(Csy4)+(Csy4R3x_Y+B),2023-03-26_MatrixCsy4,['2023-03-23-23-00'],old,[False],1,0,True,single,ERN,"eBFP,eYFP,mKate"
(Csy4)+(Csy4R4x_Y+B),2023-03-26_MatrixCsy4,['2023-03-23-23-00'],old,[False],1,0,True,single,ERN,"eBFP,eYFP,mKate"
(Csy4)+(Csy4R5x_Y+B),2023-03-26_MatrixCsy4,['2023-03-23-23-00'],old,[False],1,0,True,single,ERN,"eBFP,eYFP,mKate"
(Csy4)+(Csy4R6x_Y+B),2023-03-26_MatrixCsy4,['2023-03-23-23-00'],old,[False],1,0,True,single,ERN,"eBFP,eYFP,mKate"
(Csy4)+(Csy4R8x_Y+B),2023-03-26_MatrixCsy4,['2023-03-23-23-00'],old,[False],1,0,True,single,ERN,"eBFP,eYFP,mKate"
(Csy4)+(Csy4R_Y+B),2023-03-26_MatrixCsy4,['2023-03-23-23-00'],old,[False],1,0,True,single,ERN,"eBFP,eYFP,mKate"
(Csy4)+(Y+B),2023-03-26_MatrixCsy4,['2023-03-23-23-00'],old,[False],1,0,True,no device,none,"eBFP,eYFP,mKate"
(Inert)+(Csy4R1w_Y+B),2023-03-26_MatrixCsy4,['2023-03-23-23-00'],old,[False],1,0,True,no device,none,"eBFP,eYFP,mKate"
(Inert)+(Csy4R1x_Y+B),2023-03-26_MatrixCsy4,['2023-03-23-23-00'],old,[False],1,0,True,no device,none,"eBFP,eYFP,mKate"
(Inert)+(Csy4R2x_Y+B),2023-03-26_MatrixCsy4,['2023-03-23-23-00'],old,[False],1,0,True,no device,none,"eBFP,eYFP,mKate"
(Inert)+(Csy4R3x_Y+B),2023-03-26_MatrixCsy4,['2023-03-23-23-00'],old,[False],1,0,True,no device,none,"eBFP,eYFP,mKate"
(Inert)+(Csy4R4x_Y+B),2023-03-26_MatrixCsy4,['2023-03-23-23-00'],old,[False],1,0,True,no device,none,"eBFP,eYFP,mKate"
(Inert)+(Csy4R5x_Y+B),2023-03-26_MatrixCsy4,['2023-03-23-23-00'],old,[False],1,0,True,no device,none,"eBFP,eYFP,mKate"
(Inert)+(Csy4R6x_Y+B),2023-03-26_MatrixCsy4,['2023-03-23-23-00'],old,[False],1,0,True,no device,none,"eBFP,eYFP,mKate"
(Inert)+(Csy4R8x_Y+B),2023-03-26_MatrixCsy4,['2023-03-23-23-00'],old,[False],1,0,True,no device,none,"eBFP,eYFP,mKate"
(Inert)+(Csy4R_Y+B),2023-03-26_MatrixCsy4,['2023-03-23-23-00'],old,[False],1,0,True,no device,none,"eBFP,eYFP,mKate"
(Inert)+(Y+B),2023-03-26_MatrixCsy4,['2023-03-23-23-00'],old,[False],1,0,True,no device,none,"eBFP,eYFP,mKate"
(P-NG-B+I)+(C31NLS+B)+(C31NLSRDF+R),2022-12-19_RECOMB_v3_1,['2022-12-17-18-30'],no,[False],1,0,False,unknown,unknown,
(P-NG-B+I)+(C31p+B)+(C31RDF+R),2022-12-19_RECOMB_v3_1,['2022-12-17-18-30'],no,[False],1,0,False,unknown,unknown,
(P-NG-B+I)+(C31p+B)+(RDF+R),2022-12-19_RECOMB_v3_1,['2022-12-17-18-30'],no,[False],1,0,False,unknown,unknown,
(P-invNG-B+I)+(C31NLS+B)+(C31NLSRDF+R),2022-12-19_RECOMB_v3_1,['2022-12-17-18-30'],no,[False],1,0,False,unknown,unknown,
(P-invNG-B+I)+(C31p+B)+(C31RDF+R),2022-12-19_RECOMB_v3_1,['2022-12-17-18-30'],no,[False],1,0,True,no device,none,"iRFP720,mKate,tagBFP"
(P-invNG-B+I)+(C31p+B)+(RDF+R),2022-12-19_RECOMB_v3_1,['2022-12-17-18-30'],no,[False],1,0,False,unknown,unknown,
(Pc_NG_Bc)+(B+C31NLSns)+(C31NLS-RDF),2023-03-26_RECOMB_INT_1,['2023-03-23-16-30'],old,[False],1,0,False,unknown,unknown,
(Pc_NG_Bc)+(B+C31NLSns)+(C31NLS-RDFNLSns),2023-03-26_RECOMB_INT_1,['2023-03-23-16-30'],old,[False],1,0,False,unknown,unknown,
(Pc_NG_Bc)+(B+C31NLSns)+(R+Inert),2023-03-26_RECOMB_INT_1,['2023-03-23-16-30'],old,[False],1,0,False,unknown,unknown,
(Pc_NG_Bc)+(B+Inert)+(R+C31NLS-RDF),2023-03-26_RECOMB_INT_1,['2023-03-23-16-30'],old,[False],1,0,False,unknown,unknown,
(Pc_NG_Bc)+(B+Inert)+(R+C31NLS-RDFNLSns),2023-03-26_RECOMB_INT_1,['2023-03-23-16-30'],old,[False],1,0,False,unknown,unknown,
(Pc_iNG_Bc)+(B+C31NLSns)+(C31NLS-RDF),2023-03-26_RECOMB_INT_1,['2023-03-23-16-30'],old,[False],1,0,False,unknown,unknown,
(Pc_iNG_Bc)+(B+C31NLSns)+(C31NLS-RDFNLSns),2023-03-26_RECOMB_INT_1,['2023-03-23-16-30'],old,[False],1,0,False,unknown,unknown,
(Pc_iNG_Bc)+(B+C31NLSns)+(R+Inert),2023-03-26_RECOMB_INT_1,['2023-03-23-16-30'],old,[False],1,0,False,unknown,unknown,
(Pc_iNG_Bc)+(B+Inert)+(R+C31NLS-RDF),2023-03-26_RECOMB_INT_1,['2023-03-23-16-30'],old,[False],1,0,False,unknown,unknown,
(Pc_iNG_Bc)+(B+Inert)+(R+C31NLS-RDFNLSns),2023-03-26_RECOMB_INT_1,['2023-03-23-16-30'],old,[False],1,0,False,unknown,unknown,
(R+CasE0x)+(Inert_Y+B),2023-02-16_Matrix,['2023-02-13-10-00'],old,[False],1,0,True,no device,none,"eBFP,eYFP,mKate"
(R+CasE0x)+(L2CasER1w_Y+B),2023-02-16_Matrix,['2023-02-13-10-00'],old,[False],1,0,True,single,ERN,"eBFP,eYFP,mKate"
(R+CasE0x)+(L2CasER1x_Y+B),2023-02-16_Matrix,['2023-02-13-10-00'],old,[False],1,0,True,single,ERN,"eBFP,eYFP,mKate"
(R+CasE0x)+(L2CasER2x_Y+B),2023-02-16_Matrix,['2023-02-13-10-00'],old,[False],1,0,True,single,ERN,"eBFP,eYFP,mKate"
(R+CasE0x)+(L2CasER3x_Y+B),2023-02-16_Matrix,['2023-02-13-10-00'],old,[False],1,0,True,single,ERN,"eBFP,eYFP,mKate"
(R+CasE0x)+(L2CasER4x_Y+B),2023-02-16_Matrix,['2023-02-13-10-00'],old,[False],1,0,True,single,ERN,"eBFP,eYFP,mKate"
(R+CasE0x)+(L2CasER5x_Y+B),2023-02-16_Matrix,['2023-02-13-10-00'],old,[False],1,0,True,single,ERN,"eBFP,eYFP,mKate"
(R+CasE0x)+(L2CasER6x_Y+B),2023-02-16_Matrix,['2023-02-13-10-00'],old,[False],1,0,True,single,ERN,"eBFP,eYFP,mKate"
(R+CasE0x)+(L2CasER8x_Y+B),2023-02-16_Matrix,['2023-02-13-10-00'],old,[False],1,0,True,single,ERN,"eBFP,eYFP,mKate"
(R+CasE0x)+(L2CasER_Y+B),"2023-01-22_CasE_ALLuORFs,2023-02-16_Matrix","['2023-01-19-19-00', '2023-02-13-10-00']","no,old","[False, False]",2,1,True,single,ERN,"eBFP,eYFP,mKate"
(R+CasE1w)+(L2CasER1w_Y+B),2023-02-16_Matrix,['2023-02-13-10-00'],old,[False],1,0,True,single,ERN,"eBFP,eYFP,mKate"
(R+CasE1w)+(L2CasER1x_Y+B),2023-02-16_Matrix,['2023-02-13-10-00'],old,[False],1,0,True,single,ERN,"eBFP,eYFP,mKate"
(R+CasE1w)+(L2CasER2x_Y+B),2023-02-16_Matrix,['2023-02-13-10-00'],old,[False],1,0,True,single,ERN,"eBFP,eYFP,mKate"
(R+CasE1w)+(L2CasER3x_Y+B),2023-02-16_Matrix,['2023-02-13-10-00'],old,[False],1,0,True,single,ERN,"eBFP,eYFP,mKate"
(R+CasE1w)+(L2CasER4x_Y+B),2023-02-16_Matrix,['2023-02-13-10-00'],old,[False],1,0,True,single,ERN,"eBFP,eYFP,mKate"
(R+CasE1w)+(L2CasER5x_Y+B),2023-02-16_Matrix,['2023-02-13-10-00'],old,[False],1,0,True,single,ERN,"eBFP,eYFP,mKate"
(R+CasE1w)+(L2CasER6x_Y+B),2023-02-16_Matrix,['2023-02-13-10-00'],old,[False],1,0,True,single,ERN,"eBFP,eYFP,mKate"
(R+CasE1w)+(L2CasER8x_Y+B),2023-02-16_Matrix,['2023-02-13-10-00'],old,[False],1,0,True,single,ERN,"eBFP,eYFP,mKate"
(R+CasE1w)+(L2CasER_Y+B),"2023-01-22_CasE_ALLuORFs,2023-02-16_Matrix","['2023-01-19-19-00', '2023-02-13-10-00']","no,old","[False, False]",2,1,True,single,ERN,"eBFP,eYFP,mKate"
(R+CasE1x)+(L2CasER1w_Y+B),2023-02-16_Matrix,['2023-02-13-10-00'],old,[False],1,0,True,single,ERN,"eBFP,eYFP,mKate"
(R+CasE1x)+(L2CasER1x_Y+B),2023-02-16_Matrix,['2023-02-13-10-00'],old,[False],1,0,True,single,ERN,"eBFP,eYFP,mKate"
(R+CasE1x)+(L2CasER2x_Y+B),2023-02-16_Matrix,['2023-02-13-10-00'],old,[False],1,0,True,single,ERN,"eBFP,eYFP,mKate"
(R+CasE1x)+(L2CasER3x_Y+B),2023-02-16_Matrix,['2023-02-13-10-00'],old,[False],1,0,True,single,ERN,"eBFP,eYFP,mKate"
(R+CasE1x)+(L2CasER4x_Y+B),2023-02-16_Matrix,['2023-02-13-10-00'],old,[False],1,0,True,single,ERN,"eBFP,eYFP,mKate"
(R+CasE1x)+(L2CasER5x_Y+B),2023-02-16_Matrix,['2023-02-13-10-00'],old,[False],1,0,True,single,ERN,"eBFP,eYFP,mKate"
(R+CasE1x)+(L2CasER6x_Y+B),2023-02-16_Matrix,['2023-02-13-10-00'],old,[False],1,0,True,single,ERN,"eBFP,eYFP,mKate"
(R+CasE1x)+(L2CasER8x_Y+B),2023-02-16_Matrix,['2023-02-13-10-00'],old,[False],1,0,True,single,ERN,"eBFP,eYFP,mKate"
(R+CasE1x)+(L2CasER_Y+B),"2023-01-22_CasE_ALLuORFs,2023-02-16_Matrix","['2023-01-19-19-00', '2023-02-13-10-00']","no,old","[False, False]",2,1,True,single,ERN,"eBFP,eYFP,mKate"
(R+CasE2x)+(L2CasER1w_Y+B),2023-02-16_Matrix,['2023-02-13-10-00'],old,[False],1,0,True,single,ERN,"eBFP,eYFP,mKate"
(R+CasE2x)+(L2CasER1x_Y+B),2023-02-16_Matrix,['2023-02-13-10-00'],old,[False],1,0,True,single,ERN,"eBFP,eYFP,mKate"
(R+CasE2x)+(L2CasER2x_Y+B),2023-02-16_Matrix,['2023-02-13-10-00'],old,[False],1,0,True,single,ERN,"eBFP,eYFP,mKate"
(R+CasE2x)+(L2CasER3x_Y+B),2023-02-16_Matrix,['2023-02-13-10-00'],old,[False],1,0,True,single,ERN,"eBFP,eYFP,mKate"
(R+CasE2x)+(L2CasER4x_Y+B),2023-02-16_Matrix,['2023-02-13-10-00'],old,[False],1,0,True,single,ERN,"eBFP,eYFP,mKate"
(R+CasE2x)+(L2CasER5x_Y+B),2023-02-16_Matrix,['2023-02-13-10-00'],old,[False],1,0,True,single,ERN,"eBFP,eYFP,mKate"
(R+CasE2x)+(L2CasER6x_Y+B),2023-02-16_Matrix,['2023-02-13-10-00'],old,[False],1,0,True,single,ERN,"eBFP,eYFP,mKate"
(R+CasE2x)+(L2CasER8x_Y+B),2023-02-16_Matrix,['2023-02-13-10-00'],old,[False],1,0,True,single,ERN,"eBFP,eYFP,mKate"
(R+CasE2x)+(L2CasER_Y+B),"2023-01-22_CasE_ALLuORFs,2023-02-16_Matrix","['2023-01-19-19-00', '2023-02-13-10-00']","no,old","[False, False]",2,1,True,single,ERN,"eBFP,eYFP,mKate"
(R+CasE3x)+(L2CasER1w_Y+B),2023-02-16_Matrix,['2023-02-13-10-00'],old,[False],1,0,True,single,ERN,"eBFP,eYFP,mKate"
(R+CasE3x)+(L2CasER1x_Y+B),2023-02-16_Matrix,['2023-02-13-10-00'],old,[False],1,0,True,single,ERN,"eBFP,eYFP,mKate"
(R+CasE3x)+(L2CasER2x_Y+B),2023-02-16_Matrix,['2023-02-13-10-00'],old,[False],1,0,True,single,ERN,"eBFP,eYFP,mKate"
(R+CasE3x)+(L2CasER3x_Y+B),2023-02-16_Matrix,['2023-02-13-10-00'],old,[False],1,0,True,single,ERN,"eBFP,eYFP,mKate"
(R+CasE3x)+(L2CasER4x_Y+B),2023-02-16_Matrix,['2023-02-13-10-00'],old,[False],1,0,True,single,ERN,"eBFP,eYFP,mKate"
(R+CasE3x)+(L2CasER5x_Y+B),2023-02-16_Matrix,['2023-02-13-10-00'],old,[False],1,0,True,single,ERN,"eBFP,eYFP,mKate"
(R+CasE3x)+(L2CasER6x_Y+B),2023-02-16_Matrix,['2023-02-13-10-00'],old,[False],1,0,True,single,ERN,"eBFP,eYFP,mKate"
(R+CasE3x)+(L2CasER8x_Y+B),2023-02-16_Matrix,['2023-02-13-10-00'],old,[False],1,0,True,single,ERN,"eBFP,eYFP,mKate"
(R+CasE3x)+(L2CasER_Y+B),"2023-01-22_CasE_ALLuORFs,2023-02-16_Matrix","['2023-01-19-19-00', '2023-02-13-10-00']","no,old","[False, False]",2,1,True,single,ERN,"eBFP,eYFP,mKate"
(R+CasE4x)+(L2CasER1w_Y+B),2023-02-16_Matrix,['2023-02-13-10-00'],old,[False],1,0,True,single,ERN,"eBFP,eYFP,mKate"
(R+CasE4x)+(L2CasER1x_Y+B),2023-02-16_Matrix,['2023-02-13-10-00'],old,[False],1,0,True,single,ERN,"eBFP,eYFP,mKate"
(R+CasE4x)+(L2CasER2x_Y+B),2023-02-16_Matrix,['2023-02-13-10-00'],old,[False],1,0,True,single,ERN,"eBFP,eYFP,mKate"
(R+CasE4x)+(L2CasER3x_Y+B),2023-02-16_Matrix,['2023-02-13-10-00'],old,[False],1,0,True,single,ERN,"eBFP,eYFP,mKate"
(R+CasE4x)+(L2CasER4x_Y+B),2023-02-16_Matrix,['2023-02-13-10-00'],old,[False],1,0,True,single,ERN,"eBFP,eYFP,mKate"
(R+CasE4x)+(L2CasER5x_Y+B),2023-02-16_Matrix,['2023-02-13-10-00'],old,[False],1,0,True,single,ERN,"eBFP,eYFP,mKate"
(R+CasE4x)+(L2CasER6x_Y+B),2023-02-16_Matrix,['2023-02-13-10-00'],old,[False],1,0,True,single,ERN,"eBFP,eYFP,mKate"
(R+CasE4x)+(L2CasER8x_Y+B),2023-02-16_Matrix,['2023-02-13-10-00'],old,[False],1,0,True,single,ERN,"eBFP,eYFP,mKate"
(R+CasE4x)+(L2CasER_Y+B),"2023-01-22_CasE_ALLuORFs,2023-02-16_Matrix","['2023-01-19-19-00', '2023-02-13-10-00']","no,old","[False, False]",2,1,True,single,ERN,"eBFP,eYFP,mKate"
(R+CasE5x)+(L2CasER1w_Y+B),2023-02-16_Matrix,['2023-02-13-10-00'],old,[False],1,0,True,single,ERN,"eBFP,eYFP,mKate"
(R+CasE5x)+(L2CasER1x_Y+B),2023-02-16_Matrix,['2023-02-13-10-00'],old,[False],1,0,True,single,ERN,"eBFP,eYFP,mKate"
(R+CasE5x)+(L2CasER2x_Y+B),2023-02-16_Matrix,['2023-02-13-10-00'],old,[False],1,0,True,single,ERN,"eBFP,eYFP,mKate"
(R+CasE5x)+(L2CasER3x_Y+B),2023-02-16_Matrix,['2023-02-13-10-00'],old,[False],1,0,True,single,ERN,"eBFP,eYFP,mKate"
(R+CasE5x)+(L2CasER4x_Y+B),2023-02-16_Matrix,['2023-02-13-10-00'],old,[False],1,0,True,single,ERN,"eBFP,eYFP,mKate"
(R+CasE5x)+(L2CasER5x_Y+B),2023-02-16_Matrix,['2023-02-13-10-00'],old,[False],1,0,True,single,ERN,"eBFP,eYFP,mKate"
(R+CasE5x)+(L2CasER6x_Y+B),2023-02-16_Matrix,['2023-02-13-10-00'],old,[False],1,0,True,single,ERN,"eBFP,eYFP,mKate"
(R+CasE5x)+(L2CasER8x_Y+B),2023-02-16_Matrix,['2023-02-13-10-00'],old,[False],1,0,True,single,ERN,"eBFP,eYFP,mKate"
(R+CasE5x)+(L2CasER_Y+B),"2023-01-22_CasE_ALLuORFs,2023-02-16_Matrix","['2023-01-19-19-00', '2023-02-13-10-00']","no,old","[False, False]",2,1,True,single,ERN,"eBFP,eYFP,mKate"
(R+CasE6x)+(L2CasER1w_Y+B),2023-02-16_Matrix,['2023-02-13-10-00'],old,[False],1,0,True,single,ERN,"eBFP,eYFP,mKate"
(R+CasE6x)+(L2CasER1x_Y+B),2023-02-16_Matrix,['2023-02-13-10-00'],old,[False],1,0,True,single,ERN,"eBFP,eYFP,mKate"
(R+CasE6x)+(L2CasER2x_Y+B),2023-02-16_Matrix,['2023-02-13-10-00'],old,[False],1,0,True,single,ERN,"eBFP,eYFP,mKate"
(R+CasE6x)+(L2CasER3x_Y+B),2023-02-16_Matrix,['2023-02-13-10-00'],old,[False],1,0,True,single,ERN,"eBFP,eYFP,mKate"
(R+CasE6x)+(L2CasER4x_Y+B),2023-02-16_Matrix,['2023-02-13-10-00'],old,[False],1,0,True,single,ERN,"eBFP,eYFP,mKate"
(R+CasE6x)+(L2CasER5x_Y+B),2023-02-16_Matrix,['2023-02-13-10-00'],old,[False],1,0,True,single,ERN,"eBFP,eYFP,mKate"
(R+CasE6x)+(L2CasER6x_Y+B),2023-02-16_Matrix,['2023-02-13-10-00'],old,[False],1,0,True,single,ERN,"eBFP,eYFP,mKate"
(R+CasE6x)+(L2CasER8x_Y+B),2023-02-16_Matrix,['2023-02-13-10-00'],old,[False],1,0,True,single,ERN,"eBFP,eYFP,mKate"
(R+CasE6x)+(L2CasER_Y+B),"2023-01-22_CasE_ALLuORFs,2023-02-16_Matrix","['2023-01-19-19-00', '2023-02-13-10-00']","no,old","[False, False]",2,1,True,single,ERN,"eBFP,eYFP,mKate"
(R+CasE8x)+(L2CasER1w_Y+B),2023-02-16_Matrix,['2023-02-13-10-00'],old,[False],1,0,True,single,ERN,"eBFP,eYFP,mKate"
(R+CasE8x)+(L2CasER1x_Y+B),2023-02-16_Matrix,['2023-02-13-10-00'],old,[False],1,0,True,single,ERN,"eBFP,eYFP,mKate"
(R+CasE8x)+(L2CasER2x_Y+B),2023-02-16_Matrix,['2023-02-13-10-00'],old,[False],1,0,True,single,ERN,"eBFP,eYFP,mKate"
(R+CasE8x)+(L2CasER3x_Y+B),2023-02-16_Matrix,['2023-02-13-10-00'],old,[False],1,0,True,single,ERN,"eBFP,eYFP,mKate"
(R+CasE8x)+(L2CasER4x_Y+B),2023-02-16_Matrix,['2023-02-13-10-00'],old,[False],1,0,True,single,ERN,"eBFP,eYFP,mKate"
(R+CasE8x)+(L2CasER5x_Y+B),2023-02-16_Matrix,['2023-02-13-10-00'],old,[False],1,0,True,single,ERN,"eBFP,eYFP,mKate"
(R+CasE8x)+(L2CasER6x_Y+B),2023-02-16_Matrix,['2023-02-13-10-00'],old,[False],1,0,True,single,ERN,"eBFP,eYFP,mKate"
(R+CasE8x)+(L2CasER8x_Y+B),2023-02-16_Matrix,['2023-02-13-10-00'],old,[False],1,0,True,single,ERN,"eBFP,eYFP,mKate"
(R+CasE8x)+(L2CasER_Y+B),"2023-01-22_CasE_ALLuORFs,2023-02-16_Matrix","['2023-01-19-19-00', '2023-02-13-10-00']","no,old","[False, False]",2,1,True,single,ERN,"eBFP,eYFP,mKate"
(R+inert)+(L2CasER1w_Y+B),2023-02-16_Matrix,['2023-02-13-10-00'],old,[False],1,0,True,no device,none,"eBFP,eYFP,mKate"
(R+inert)+(L2CasER1x_Y+B),2023-02-16_Matrix,['2023-02-13-10-00'],old,[False],1,0,True,no device,none,"eBFP,eYFP,mKate"
(R+inert)+(L2CasER2x_Y+B),2023-02-16_Matrix,['2023-02-13-10-00'],old,[False],1,0,True,no device,none,"eBFP,eYFP,mKate"
(R+inert)+(L2CasER3x_Y+B),2023-02-16_Matrix,['2023-02-13-10-00'],old,[False],1,0,True,no device,none,"eBFP,eYFP,mKate"
(R+inert)+(L2CasER4x_Y+B),2023-02-16_Matrix,['2023-02-13-10-00'],old,[False],1,0,True,no device,none,"eBFP,eYFP,mKate"
(R+inert)+(L2CasER5x_Y+B),2023-02-16_Matrix,['2023-02-13-10-00'],old,[False],1,0,True,no device,none,"eBFP,eYFP,mKate"
(R+inert)+(L2CasER6x_Y+B),2023-02-16_Matrix,['2023-02-13-10-00'],old,[False],1,0,True,no device,none,"eBFP,eYFP,mKate"
(R+inert)+(L2CasER8x_Y+B),2023-02-16_Matrix,['2023-02-13-10-00'],old,[False],1,0,True,no device,none,"eBFP,eYFP,mKate"
(R+inert)+(L2CasER_Y+B),"2023-01-22_CasE_ALLuORFs,2023-02-16_Matrix","['2023-01-19-19-00', '2023-02-13-10-00']","no,old","[False, False]",2,1,True,no device,none,"eBFP,eYFP,mKate"
(R-NG-L+I)+(C31NLS+B)+(C31NLSRDF+R),2022-12-19_RECOMB_v3_1,['2022-12-17-18-30'],no,[False],1,0,False,unknown,unknown,"L0.G_mNeonGreen,iRFP720,mKate,tagBFP"
(R-NG-L+I)+(C31p+B)+(C31RDF+R),2022-12-19_RECOMB_v3_1,['2022-12-17-18-30'],no,[False],1,0,True,no device,none,"L0.G_mNeonGreen,iRFP720,mKate,tagBFP"
(R-NG-L+I)+(C31p+B)+(RDF+R),2022-12-19_RECOMB_v3_1,['2022-12-17-18-30'],no,[False],1,0,True,no device,none,"L0.G_mNeonGreen,iRFP720,mKate,tagBFP"
(R-invNG-L+I)+(C31NLS+B)+(C31NLSRDF+R),2022-12-19_RECOMB_v3_1,['2022-12-17-18-30'],no,[False],1,0,False,unknown,unknown,
(R-invNG-L+I)+(C31p+B)+(C31RDF+R),2022-12-19_RECOMB_v3_1,['2022-12-17-18-30'],no,[False],1,0,True,no device,none,"iRFP720,mKate,tagBFP"
(R-invNG-L+I)+(C31p+B)+(RDF+R),2022-12-19_RECOMB_v3_1,['2022-12-17-18-30'],no,[False],1,0,False,unknown,unknown,
(R_NG_L)+(B+C31NLSns)+(C31NLS-RDF),2023-03-26_RECOMB_INT_1,['2023-03-23-16-30'],old,[False],1,0,False,unknown,unknown,
(R_NG_L)+(B+C31NLSns)+(C31NLS-RDFNLSns),2023-03-26_RECOMB_INT_1,['2023-03-23-16-30'],old,[False],1,0,False,unknown,unknown,
(R_NG_L)+(B+C31NLSns)+(R+Inert),2023-03-26_RECOMB_INT_1,['2023-03-23-16-30'],old,[False],1,0,False,unknown,unknown,
(R_NG_L)+(B+Inert)+(R+C31NLS-RDF),2023-03-26_RECOMB_INT_1,['2023-03-23-16-30'],old,[False],1,0,False,unknown,unknown,
(R_NG_L)+(B+Inert)+(R+C31NLS-RDFNLSns),2023-03-26_RECOMB_INT_1,['2023-03-23-16-30'],old,[False],1,0,False,unknown,unknown,
(R_iNG_L)+(B+C31NLSns)+(C31NLS-RDF),2023-03-26_RECOMB_INT_1,['2023-03-23-16-30'],old,[False],1,0,False,unknown,unknown,
(R_iNG_L)+(B+C31NLSns)+(C31NLS-RDFNLSns),2023-03-26_RECOMB_INT_1,['2023-03-23-16-30'],old,[False],1,0,False,unknown,unknown,
(R_iNG_L)+(B+C31NLSns)+(R+Inert),2023-03-26_RECOMB_INT_1,['2023-03-23-16-30'],old,[False],1,0,False,unknown,unknown,
(R_iNG_L)+(B+Inert)+(R+C31NLS-RDF),2023-03-26_RECOMB_INT_1,['2023-03-23-16-30'],old,[False],1,0,False,unknown,unknown,
(R_iNG_L)+(B+Inert)+(R+C31NLS-RDFNLSns),2023-03-26_RECOMB_INT_1,['2023-03-23-16-30'],old,[False],1,0,False,unknown,unknown,
05CasE+out,E20221012A_massCtrls,['2022-10-10'],no,[False],1,0,False,unknown,unknown,
05out+CasE,E20221012A_massCtrls,['2022-10-10'],no,[False],1,0,True,single,ERN,"eBFP,eYFP,mKate"
1000ngBYR,"2022-12-5_11,3a,30_ngDNA_ng",['2022-12-02-11-30'],no,[False],1,0,False,unknown,unknown,
100R+102i+(1:1:1; 122+123+103),E20221206A_ERNbandpassV3,['2022-12-06'],no,[False],1,0,False,unknown,unknown,
100ngBYR,"2022-12-5_11,3a,30_ngDNA_ng",['2022-12-02-11-30'],no,[False],1,0,False,unknown,unknown,
103+100R+102i,E20221124A_ERNbandpassV2,['2022-11-22'],no,[False],1,0,False,unknown,unknown,
103+101+iY,E20221124A_ERNbandpassV2,['2022-11-22'],no,[False],1,0,False,unknown,unknown,
103+101R,E20221206A_ERNbandpassV3,['2022-12-06'],no,[False],1,0,False,unknown,unknown,
103+101R+101i,E20221124A_ERNbandpassV2,['2022-11-22'],no,[False],1,0,False,unknown,unknown,
103+103i+101R,E20221124A_ERNbandpassV2,['2022-11-22'],no,[False],1,0,False,unknown,unknown,
103i+107+101R,E20221124A_ERNbandpassV2,['2022-11-22'],no,[False],1,0,False,unknown,unknown,
104+100R+101i,E20221124A_ERNbandpassV2,['2022-11-22'],no,[False],1,0,False,unknown,unknown,
104+102+iY,E20221124A_ERNbandpassV2,['2022-11-22'],no,[False],1,0,False,unknown,unknown,
104+102R,E20221206A_ERNbandpassV3,['2022-12-06'],no,[False],1,0,False,unknown,unknown,
104+102R+102I,E20221124A_ERNbandpassV2,['2022-11-22'],no,[False],1,0,False,unknown,unknown,
104+104i+102R,E20221124A_ERNbandpassV2,['2022-11-22'],no,[False],1,0,False,unknown,unknown,"eYFPG5A,iRFP720,mKate,tagBFP"
104i+106+102R,E20221124A_ERNbandpassV2,['2022-11-22'],no,[False],1,0,False,unknown,unknown,
105+100+iY,E20221124A_ERNbandpassV2,['2022-11-22'],no,[False],1,0,False,unknown,unknown,
105+100R,E20221206A_ERNbandpassV3,['2022-12-06'],no,[False],1,0,False,unknown,unknown,"eYFPG5A,mKate,tagBFP"
105+116+101i,E20221124A_ERNbandpassV2,['2022-11-22'],no,[False],1,0,False,unknown,unknown,
105+117+102i,E20221124A_ERNbandpassV2,['2022-11-22'],no,[False],1,0,False,unknown,unknown,
105+119+102i,E20221124A_ERNbandpassV2,['2022-11-22'],no,[False],1,0,False,unknown,unknown,
105+73i+100R,E20221124A_ERNbandpassV2,['2022-11-22'],no,[False],1,0,False,unknown,unknown,
106+102+iY,E20221124A_ERNbandpassV2,['2022-11-22'],no,[False],1,0,False,unknown,unknown,
106+102R,E20221206A_ERNbandpassV3,['2022-12-06'],no,[False],1,0,False,unknown,unknown,
107+101+iY,E20221124A_ERNbandpassV2,['2022-11-22'],no,[False],1,0,False,unknown,unknown,
107+101R,E20221206A_ERNbandpassV3,['2022-12-06'],no,[False],1,0,False,unknown,unknown,
108+100+102i,E20221206A_ERNbandpassV3,['2022-12-06'],no,[False],1,0,False,unknown,unknown,
109+100+101i,E20221206A_ERNbandpassV3,['2022-12-06'],no,[False],1,0,False,unknown,unknown,
110+100+102i,E20221206A_ERNbandpassV3,['2022-12-06'],no,[False],1,0,False,unknown,unknown,
1wCasER_Csy4,"2023-03-19_CascadesV2,2023-08-11_Cascades1_CC,2023-09-10_Cascades1_CCv2,2023-10-01_Cascades_CCv4","['2023-01-19-19-00', 'x', 'x', 'x']","old,no,no,v3","[False, False, False, True]",4,3,True,cascade,ERN,"L0.G_mNeonGreen,iRFP720,mKate,tagBFP"
1wCasER_Pgu,"2023-04-18_Constraints_PguCascades,2023-08-11_Cascades1_CC,2023-09-10_Cascades1_CCv2,2023-10-10_Cascades_CCv4_2","['2023-04-15-16-30', 'x', 'x', 'x']","old,no,no,v3","[False, False, False, True]",4,3,False,unknown,unknown,
1wCsy4R_CasE,"2023-03-19_CascadesV2,2023-08-11_Cascades1_CC,2023-09-10_Cascades1_CCv2,2023-10-01_Cascades_CCv4","['2023-01-19-19-00', 'x', 'x', 'x']","old,no,no,v3","[False, False, False, True]",4,3,True,cascade,ERN,"L0.G_mNeonGreen,iRFP720,mKate,tagBFP"
1wCsy4R_Pgu,"2023-04-18_Constraints_PguCascades,2023-08-11_Cascades1_CC,2023-09-10_Cascades1_CCv2,2023-10-10_Cascades_CCv4_2","['2023-04-15-16-30', 'x', 'x', 'x']","old,no,no,v3","[False, False, False, True]",4,3,False,unknown,unknown,
1wI,2023-08-25_iRFP720_tests,['x'],no,[False],1,0,False,unknown,unknown,
1wIB,2023-08-25_iRFP720_tests,['x'],no,[False],1,0,False,unknown,unknown,
1wPgu,"2023-04-03_Constraints_Pgu_Bleedthrough,2023-10-29_ConstraintsV2_3","['2023-03-31-04-30', 'x']","old,no","[False, True]",2,0,True,single,ERN,"L0.G_mNeonGreen,iRFP720,tagBFP"
1w_Y+B,2022-11-10_uORFs_and_company,['2022-11-07'],old,[False],1,0,True,no device,none,"eBFP,eYFP"
1xCasER_Csy4,"2023-03-19_CascadesV2,2023-08-11_Cascades1_CC,2023-09-10_Cascades1_CCv2,2023-10-01_Cascades_CCv4","['2023-01-19-19-00', 'x', 'x', 'x']","old,no,no,v3","[False, False, False, True]",4,3,False,unknown,unknown,
1xCasER_Pgu,"2023-04-18_Constraints_PguCascades,2023-08-11_Cascades1_CC,2023-09-10_Cascades1_CCv2,2023-10-10_Cascades_CCv4_2","['2023-04-15-16-30', 'x', 'x', 'x']","old,no,no,v3","[False, False, False, True]",4,3,False,unknown,unknown,
1xCsy4R_CasE,"2023-03-19_CascadesV2,2023-08-11_Cascades1_CC,2023-09-10_Cascades1_CCv2,2023-10-01_Cascades_CCv4","['2023-01-19-19-00', 'x', 'x', 'x']","old,no,no,v3","[False, False, False, True]",4,3,False,unknown,unknown,
1xCsy4R_Pgu,"2023-04-18_Constraints_PguCascades,2023-08-11_Cascades1_CC,2023-09-10_Cascades1_CCv2,2023-10-10_Cascades_CCv4_2","['2023-04-15-16-30', 'x', 'x', 'x']","old,no,no,v3","[False, False, False, True]",4,3,False,unknown,unknown,"L0.G_mNeonGreen,iRFP720,mKate,tagBFP"
1xI,2023-08-25_iRFP720_tests,['x'],no,[False],1,0,False,unknown,unknown,
1xIB,2023-08-25_iRFP720_tests,['x'],no,[False],1,0,False,unknown,unknown,
1xPgu,"2023-04-03_Constraints_Pgu_Bleedthrough,2023-10-29_ConstraintsV2_3","['2023-03-31-04-30', 'x']","old,no","[False, True]",2,0,True,single,ERN,"L0.G_mNeonGreen,iRFP720,tagBFP"
1x_Y+B,2022-11-10_uORFs_and_company,['2022-11-07'],old,[False],1,0,True,no device,none,"eBFP,eYFP"
200ngBYR,"2022-12-5_11,3a,30_ngDNA_ng",['2022-12-02-11-30'],no,[False],1,0,False,unknown,unknown,
2ERN_sum_CasE_Csy4_1_1,2023-04-03_Constraints_Pgu_Bleedthrough,['2023-03-31-04-30'],old,[False],1,0,True,dual region,ERN,"L0.G_mNeonGreen,iRFP720,mKate,tagBFP"
2ERN_sum_CasE_Csy4_1_10,2023-04-03_Constraints_Pgu_Bleedthrough,['2023-03-31-04-30'],old,[False],1,0,True,dual region,ERN,"L0.G_mNeonGreen,iRFP720,mKate,tagBFP"
2ERN_sum_CasE_Csy4_1_100,2023-04-03_Constraints_Pgu_Bleedthrough,['2023-03-31-04-30'],old,[False],1,0,True,dual region,ERN,"L0.G_mNeonGreen,iRFP720,mKate,tagBFP"
2ERN_sum_CasE_Csy4_1_2,2023-04-03_Constraints_Pgu_Bleedthrough,['2023-03-31-04-30'],old,[False],1,0,True,dual region,ERN,"L0.G_mNeonGreen,iRFP720,mKate,tagBFP"
2ERN_sum_CasE_Csy4_1_5,2023-04-03_Constraints_Pgu_Bleedthrough,['2023-03-31-04-30'],old,[False],1,0,True,dual region,ERN,"L0.G_mNeonGreen,iRFP720,mKate,tagBFP"
2ERN_sum_CasE_Csy4_1_50,2023-04-03_Constraints_Pgu_Bleedthrough,['2023-03-31-04-30'],old,[False],1,0,True,dual region,ERN,"L0.G_mNeonGreen,iRFP720,mKate,tagBFP"
2ERN_sum_Csy4_CasE_1_1,2023-04-03_Constraints_Pgu_Bleedthrough,['2023-03-31-04-30'],old,[False],1,0,True,dual region,ERN,"L0.G_mNeonGreen,iRFP720,mKate,tagBFP"
2ERN_sum_Csy4_CasE_1_10,2023-04-03_Constraints_Pgu_Bleedthrough,['2023-03-31-04-30'],old,[False],1,0,True,dual region,ERN,"L0.G_mNeonGreen,iRFP720,mKate,tagBFP"
2ERN_sum_Csy4_CasE_1_100,2023-04-03_Constraints_Pgu_Bleedthrough,['2023-03-31-04-30'],old,[False],1,0,True,dual region,ERN,"L0.G_mNeonGreen,iRFP720,mKate,tagBFP"
2ERN_sum_Csy4_CasE_1_2,2023-04-03_Constraints_Pgu_Bleedthrough,['2023-03-31-04-30'],old,[False],1,0,True,dual region,ERN,"L0.G_mNeonGreen,iRFP720,mKate,tagBFP"
2ERN_sum_Csy4_CasE_1_5,2023-04-03_Constraints_Pgu_Bleedthrough,['2023-03-31-04-30'],old,[False],1,0,True,dual region,ERN,"L0.G_mNeonGreen,iRFP720,mKate,tagBFP"
2ERN_sum_Csy4_CasE_1_50,2023-04-03_Constraints_Pgu_Bleedthrough,['2023-03-31-04-30'],old,[False],1,0,True,dual region,ERN,"L0.G_mNeonGreen,iRFP720,mKate,tagBFP"
2xCasER_Csy4,"2023-03-19_CascadesV2,2023-08-11_Cascades1_CC,2023-09-10_Cascades1_CCv2,2023-10-01_Cascades_CCv4","['2023-01-19-19-00', 'x', 'x', 'x']","old,no,no,v3","[False, False, False, True]",4,3,True,cascade,ERN,"L0.G_mNeonGreen,iRFP720,mKate,tagBFP"
2xCasER_Pgu,"2023-04-18_Constraints_PguCascades,2023-08-11_Cascades1_CC,2023-09-10_Cascades1_CCv2,2023-10-10_Cascades_CCv4_2","['2023-04-15-16-30', 'x', 'x', 'x']","old,no,no,v3","[False, False, False, True]",4,3,False,unknown,unknown,"L0.G_mNeonGreen,iRFP720,mKate,tagBFP"
2xCsy4R_CasE,"2023-03-19_CascadesV2,2023-08-11_Cascades1_CC,2023-09-10_Cascades1_CCv2,2023-10-01_Cascades_CCv4","['2023-01-19-19-00', 'x', 'x', 'x']","old,no,no,v3","[False, False, False, True]",4,3,True,cascade,ERN,"L0.G_mNeonGreen,iRFP720,mKate,tagBFP"
2xCsy4R_Pgu,"2023-04-18_Constraints_PguCascades,2023-08-11_Cascades1_CC,2023-09-10_Cascades1_CCv2,2023-10-10_Cascades_CCv4_2","['2023-04-15-16-30', 'x', 'x', 'x']","old,no,no,v3","[False, False, False, True]",4,3,False,unknown,unknown,"L0.G_mNeonGreen,iRFP720,mKate,tagBFP"
2xI,2023-08-25_iRFP720_tests,['x'],no,[False],1,0,False,unknown,unknown,
2xIB,2023-08-25_iRFP720_tests,['x'],no,[False],1,0,False,unknown,unknown,
2xPgu,"2023-04-03_Constraints_Pgu_Bleedthrough,2023-10-29_ConstraintsV2_3","['2023-03-31-04-30', 'x']","old,no","[False, True]",2,0,True,single,ERN,"L0.G_mNeonGreen,iRFP720,tagBFP"
2x_Y+B,2022-11-10_uORFs_and_company,['2022-11-07'],old,[False],1,0,True,no device,none,"eBFP,eYFP"
300ngBYR,"2022-12-5_11,3a,30_ngDNA_ng",['2022-12-02-11-30'],no,[False],1,0,False,unknown,unknown,
33+10,E20221012A_massCtrls,['2022-10-10'],no,[False],1,0,True,single,ERN,"eBFP,eYFP,mKate"
34+10,E20221012A_massCtrls,['2022-10-10'],no,[False],1,0,True,single,ERN,"eBFP,eYFP,mKate"
35+10,E20221012A_massCtrls,['2022-10-10'],no,[False],1,0,True,single,ERN,"eBFP,eYFP,mKate"
36+10,E20221012A_massCtrls,['2022-10-10'],no,[False],1,0,False,unknown,unknown,
37+10,E20221012A_massCtrls,['2022-10-10'],no,[False],1,0,False,unknown,unknown,
38+10,E20221012A_massCtrls,['2022-10-10'],no,[False],1,0,False,unknown,unknown,
39+10,E20221012A_massCtrls,['2022-10-10'],no,[False],1,0,False,unknown,unknown,
3xCasER_Csy4,"2023-03-19_CascadesV2,2023-08-11_Cascades1_CC,2023-09-10_Cascades1_CCv2,2023-10-01_Cascades_CCv4","['2023-01-19-19-00', 'x', 'x', 'x']","old,no,no,v3","[False, False, False, True]",4,3,False,unknown,unknown,
3xCasER_Pgu,"2023-04-18_Constraints_PguCascades,2023-08-11_Cascades1_CC,2023-09-10_Cascades1_CCv2,2023-10-10_Cascades_CCv4_2","['2023-04-15-16-30', 'x', 'x', 'x']","old,no,no,v3","[False, False, False, True]",4,3,False,unknown,unknown,"L0.G_mNeonGreen,iRFP720,mKate,tagBFP"
3xCsy4R_CasE,"2023-03-19_CascadesV2,2023-08-11_Cascades1_CC,2023-09-10_Cascades1_CCv2,2023-10-01_Cascades_CCv4","['2023-01-19-19-00', 'x', 'x', 'x']","old,no,no,v3","[False, False, False, True]",4,3,False,unknown,unknown,
3xCsy4R_Pgu,"2023-04-18_Constraints_PguCascades,2023-08-11_Cascades1_CC,2023-09-10_Cascades1_CCv2,2023-10-10_Cascades_CCv4_2","['2023-04-15-16-30', 'x', 'x', 'x']","old,no,no,v3","[False, False, False, True]",4,3,False,unknown,unknown,"L0.G_mNeonGreen,iRFP720,mKate,tagBFP"
3xI,2023-08-25_iRFP720_tests,['x'],no,[False],1,0,False,unknown,unknown,
3xIB,2023-08-25_iRFP720_tests,['x'],no,[False],1,0,False,unknown,unknown,
3xPgu,"2023-04-03_Constraints_Pgu_Bleedthrough,2023-10-29_ConstraintsV2_3","['2023-03-31-04-30', 'x']","old,no","[False, True]",2,0,True,single,ERN,"L0.G_mNeonGreen,iRFP720,tagBFP"
3x_Y+B,2022-11-10_uORFs_and_company,['2022-11-07'],old,[False],1,0,True,no device,none,"eBFP,eYFP"
40+10,E20221012A_massCtrls,['2022-10-10'],no,[False],1,0,True,no device,none,"eBFP,eYFP,mKate"
400ngBYR,"2022-12-5_11,3a,30_ngDNA_ng",['2022-12-02-11-30'],no,[False],1,0,False,unknown,unknown,
41+10,E20221012A_massCtrls,['2022-10-10'],no,[False],1,0,True,single,ERN,"eBFP,eYFP,mKate"
42+10,E20221012A_massCtrls,['2022-10-10'],no,[False],1,0,False,unknown,unknown,
43+10,E20221012A_massCtrls,['2022-10-10'],no,[False],1,0,False,unknown,unknown,
4xCasER_Csy4,"2023-03-19_CascadesV2,2023-08-11_Cascades1_CC,2023-09-10_Cascades1_CCv2,2023-10-01_Cascades_CCv4","['2023-01-19-19-00', 'x', 'x', 'x']","old,no,no,v3","[False, False, False, True]",4,3,False,unknown,unknown,
4xCasER_Pgu,"2023-04-18_Constraints_PguCascades,2023-08-11_Cascades1_CC,2023-09-10_Cascades1_CCv2,2023-10-10_Cascades_CCv4_2","['2023-04-15-16-30', 'x', 'x', 'x']","old,no,no,v3","[False, False, False, True]",4,3,False,unknown,unknown,"L0.G_mNeonGreen,iRFP720,mKate,tagBFP"
4xCsy4R_CasE,"2023-03-19_CascadesV2,2023-08-11_Cascades1_CC,2023-09-10_Cascades1_CCv2,2023-10-01_Cascades_CCv4","['2023-01-19-19-00', 'x', 'x', 'x']","old,no,no,v3","[False, False, False, True]",4,3,False,unknown,unknown,
4xCsy4R_Pgu,"2023-04-18_Constraints_PguCascades,2023-08-11_Cascades1_CC,2023-09-10_Cascades1_CCv2,2023-10-10_Cascades_CCv4_2","['2023-04-15-16-30', 'x', 'x', 'x']","old,no,no,v3","[False, False, False, True]",4,3,False,unknown,unknown,"L0.G_mNeonGreen,iRFP720,mKate,tagBFP"
4xI,2023-08-25_iRFP720_tests,['x'],no,[False],1,0,False,unknown,unknown,
4xIB,2023-08-25_iRFP720_tests,['x'],no,[False],1,0,False,unknown,unknown,
4xPgu,"2023-04-03_Constraints_Pgu_Bleedthrough,2023-10-29_ConstraintsV2_3","['2023-03-31-04-30', 'x']","old,no","[False, True]",2,0,True,single,ERN,"L0.G_mNeonGreen,iRFP720,tagBFP"
4x_Y+B,2022-11-10_uORFs_and_company,['2022-11-07'],old,[False],1,0,True,no device,none,"eBFP,eYFP"
500ngBYR,"2022-12-5_11,3a,30_ngDNA_ng",['2022-12-02-11-30'],no,[False],1,0,False,unknown,unknown,
5p_sum_CasE,"2023-04-03_Constraints_Pgu_Bleedthrough,2023-10-22_ConstraintsV2_2","['2023-03-31-04-30', 'x']","old,no","[False, True]",2,0,True,single,ERN,"L0.G_mNeonGreen,iRFP720,mKate,tagBFP"
5p_sum_Csy4,"2023-04-03_Constraints_Pgu_Bleedthrough,2023-10-22_ConstraintsV2_2","['2023-03-31-04-30', 'x']","old,no","[False, True]",2,0,True,single,ERN,"L0.G_mNeonGreen,iRFP720,mKate,tagBFP"
5p_sum_Pgu,"2023-04-03_Constraints_Pgu_Bleedthrough,2023-10-22_ConstraintsV2_2","['2023-03-31-04-30', 'x']","old,no","[False, True]",2,0,True,single,ERN,"L0.G_mNeonGreen,iRFP720,mKate,tagBFP"
5xCasER_Csy4,"2023-03-19_CascadesV2,2023-08-11_Cascades1_CC,2023-09-10_Cascades1_CCv2,2023-10-01_Cascades_CCv4","['2023-01-19-19-00', 'x', 'x', 'x']","old,no,no,v3","[False, False, False, True]",4,3,True,cascade,ERN,"L0.G_mNeonGreen,iRFP720,mKate,tagBFP"
5xCasER_Pgu,"2023-04-18_Constraints_PguCascades,2023-08-11_Cascades1_CC,2023-09-10_Cascades1_CCv2,2023-10-10_Cascades_CCv4_2","['2023-04-15-16-30', 'x', 'x', 'x']","old,no,no,v3","[False, False, False, True]",4,3,False,unknown,unknown,
5xCsy4R_CasE,"2023-03-19_CascadesV2,2023-08-11_Cascades1_CC,2023-09-10_Cascades1_CCv2,2023-10-01_Cascades_CCv4","['2023-01-19-19-00', 'x', 'x', 'x']","old,no,no,v3","[False, False, False, True]",4,3,True,cascade,ERN,"L0.G_mNeonGreen,iRFP720,mKate,tagBFP"
5xCsy4R_Pgu,"2023-04-18_Constraints_PguCascades,2023-08-11_Cascades1_CC,2023-09-10_Cascades1_CCv2,2023-10-10_Cascades_CCv4_2","['2023-04-15-16-30', 'x', 'x', 'x']","old,no,no,v3","[False, False, False, True]",4,3,False,unknown,unknown,"L0.G_mNeonGreen,iRFP720,mKate,tagBFP"
5xI,2023-08-25_iRFP720_tests,['x'],no,[False],1,0,False,unknown,unknown,
5xIB,2023-08-25_iRFP720_tests,['x'],no,[False],1,0,False,unknown,unknown,
5xPgu,"2023-04-03_Constraints_Pgu_Bleedthrough,2023-10-29_ConstraintsV2_3","['2023-03-31-04-30', 'x']","old,no","[False, True]",2,0,True,single,ERN,"L0.G_mNeonGreen,iRFP720,tagBFP"
5x_Y+B,2022-11-10_uORFs_and_company,['2022-11-07'],old,[False],1,0,True,no device,none,"eBFP,eYFP"
600ngBYR,"2022-12-5_11,3a,30_ngDNA_ng",['2022-12-02-11-30'],no,[False],1,0,False,unknown,unknown,
6xCasER_Csy4,"2023-03-19_CascadesV2,2023-08-11_Cascades1_CC,2023-09-10_Cascades1_CCv2,2023-10-01_Cascades_CCv4","['2023-01-19-19-00', 'x', 'x', 'x']","old,no,no,v3","[False, False, False, True]",4,3,True,cascade,ERN,"L0.G_mNeonGreen,iRFP720,mKate,tagBFP"
6xCasER_Pgu,"2023-04-18_Constraints_PguCascades,2023-08-11_Cascades1_CC,2023-09-10_Cascades1_CCv2,2023-10-10_Cascades_CCv4_2","['2023-04-15-16-30', 'x', 'x', 'x']","old,no,no,v3","[False, False, False, True]",4,3,False,unknown,unknown,
6xCsy4R_CasE,"2023-03-19_CascadesV2,2023-08-11_Cascades1_CC,2023-09-10_Cascades1_CCv2,2023-10-01_Cascades_CCv4","['2023-01-19-19-00', 'x', 'x', 'x']","old,no,no,v3","[False, False, False, True]",4,3,True,cascade,ERN,"L0.G_mNeonGreen,iRFP720,mKate,tagBFP"
6xCsy4R_Pgu,"2023-04-18_Constraints_PguCascades,2023-08-11_Cascades1_CC,2023-09-10_Cascades1_CCv2,2023-10-10_Cascades_CCv4_2","['2023-04-15-16-30', 'x', 'x', 'x']","old,no,no,v3","[False, False, False, True]",4,3,False,unknown,unknown,"L0.G_mNeonGreen,iRFP720,mKate,tagBFP"
6xI,2023-08-25_iRFP720_tests,['x'],no,[False],1,0,False,unknown,unknown,
6xIB,2023-08-25_iRFP720_tests,['x'],no,[False],1,0,False,unknown,unknown,
6xPgu,"2023-04-03_Constraints_Pgu_Bleedthrough,2023-10-29_ConstraintsV2_3","['2023-03-31-04-30', 'x']","old,no","[False, True]",2,0,True,single,ERN,"L0.G_mNeonGreen,iRFP720,tagBFP"
6x_Y+B,2022-11-10_uORFs_and_company,['2022-11-07'],old,[False],1,0,True,no device,none,"eBFP,eYFP"
700ngBYR,"2022-12-5_11,3a,30_ngDNA_ng",['2022-12-02-11-30'],no,[False],1,0,False,unknown,unknown,
73+100+iY,E20221124A_ERNbandpassV2,['2022-11-22'],no,[False],1,0,False,unknown,unknown,"eYFPG5A,iRFP720,mKate,tagBFP"
73+100R,E20221206A_ERNbandpassV3,['2022-12-06'],no,[False],1,0,False,unknown,unknown,
73+100R+100i,E20221124A_ERNbandpassV2,['2022-11-22'],no,[False],1,0,False,unknown,unknown,
73+101R+102i,E20221124A_ERNbandpassV2,['2022-11-22'],no,[False],1,0,False,unknown,unknown,
73+117+102i,E20221124A_ERNbandpassV2,['2022-11-22'],no,[False],1,0,False,unknown,unknown,
73+119+102i,E20221124A_ERNbandpassV2,['2022-11-22'],no,[False],1,0,False,unknown,unknown,
73+73i+100R,E20221124A_ERNbandpassV2,['2022-11-22'],no,[False],1,0,False,unknown,unknown,
73i+105+100R,E20221124A_ERNbandpassV2,['2022-11-22'],no,[False],1,0,False,unknown,unknown,
7colors,"2023-05-12_Colors1,2023-06-23_Initial_ID7000","['2023-05-10-04-30', '2023-06-21-20-30']","old,no","[False, False]",2,0,False,unknown,unknown,
7colorsV2,"2023-06-29_ID7000_Unmixing1,2023-07-06_ID7000_Unmixing2","['2023-06-27-20-30', '2023-07-03-20-30']","no,no","[False, False]",2,0,False,unknown,unknown,
800ngBYR,"2022-12-5_11,3a,30_ngDNA_ng",['2022-12-02-11-30'],no,[False],1,0,False,unknown,unknown,
8xCasER_Csy4,"2023-03-19_CascadesV2,2023-08-11_Cascades1_CC,2023-09-10_Cascades1_CCv2,2023-10-01_Cascades_CCv4","['2023-01-19-19-00', 'x', 'x', 'x']","old,no,no,v3","[False, False, False, True]",4,3,False,unknown,unknown,
8xCasER_Pgu,"2023-04-18_Constraints_PguCascades,2023-08-11_Cascades1_CC,2023-09-10_Cascades1_CCv2,2023-10-10_Cascades_CCv4_2","['2023-04-15-16-30', 'x', 'x', 'x']","old,no,no,v3","[False, False, False, True]",4,3,False,unknown,unknown,"L0.G_mNeonGreen,iRFP720,mKate,tagBFP"
8xCsy4R_CasE,"2023-03-19_CascadesV2,2023-08-11_Cascades1_CC,2023-09-10_Cascades1_CCv2,2023-10-01_Cascades_CCv4","['2023-01-19-19-00', 'x', 'x', 'x']","old,no,no,v3","[False, False, False, True]",4,3,False,unknown,unknown,
8xCsy4R_Pgu,"2023-04-18_Constraints_PguCascades,2023-08-11_Cascades1_CC,2023-09-10_Cascades1_CCv2,2023-10-10_Cascades_CCv4_2","['2023-04-15-16-30', 'x', 'x', 'x']","old,no,no,v3","[False, False, False, True]",4,3,False,unknown,unknown,"L0.G_mNeonGreen,iRFP720,mKate,tagBFP"
8xI,2023-08-25_iRFP720_tests,['x'],no,[False],1,0,False,unknown,unknown,
8xIB,2023-08-25_iRFP720_tests,['x'],no,[False],1,0,False,unknown,unknown,
8xPgu,"2023-04-03_Constraints_Pgu_Bleedthrough,2023-10-29_ConstraintsV2_3","['2023-03-31-04-30', 'x']","old,no","[False, True]",2,0,True,single,ERN,"L0.G_mNeonGreen,iRFP720,tagBFP"
8x_Y+B,2022-11-10_uORFs_and_company,['2022-11-07'],old,[False],1,0,True,no device,none,"eBFP,eYFP"
900ngBYR,"2022-12-5_11,3a,30_ngDNA_ng",['2022-12-02-11-30'],no,[False],1,0,False,unknown,unknown,
ALL,"2023-05-10_LSSmOrange_EBFP2_mNG_iRFP720,2023-05-10_mKO2_EBFP2_mNG_iRFP720,2023-05-10_mKO2_tagBFP_mNG_iRFP720,2023-05-10_mKate_EBFP2_mNG_iRFP720,2023-08-04_mKO2_tagBFP_mNG_iRFP720_v2,2023-08-04_mKO2_tagBFP_mNG_iRFP720_v3,2023-08-04_tdT_tagBFP_mNG_iRFP720,2023-09-10_Cascades1_CCv2,2023-10-16_ConstraintsV2_1_NoiseFloor,2023-10-16_ConstraintsV2_1_mMaroon1,2023-10-22_ConstraintsV2_2,2023-10-29_ConstraintsV2_3","['x', 'x', 'x', 'x', 'x', 'x', 'x', 'x', 'x', 'x', 'x', 'x']","no,no,no,no,no,no,no,no,no,no,no,no","[False, False, False, False, False, False, False, False, False, False, True, True]",12,0,False,unknown,unknown,"L0.G_mNeonGreen,iRFP720,mKate,tagBFP"
BP_GW,2023-10-03_BPv2_C31BP,['x'],v3,[False],1,0,False,unknown,unknown,
BP_T1,2023-05-10_ColorControls_BPV2,['2023-05-07-04-30'],v3,[False],1,0,True,bandpass,ERN,"L0.G_mNeonGreen,iRFP720,mKate,tagBFP"
BP_T10,2023-05-10_ColorControls_BPV2,['2023-05-07-04-30'],v3,[False],1,0,True,bandpass,ERN,"L0.G_mNeonGreen,iRFP720,mKate,tagBFP"
BP_T11,2023-05-10_ColorControls_BPV2,['2023-05-07-04-30'],v3,[False],1,0,True,bandpass,ERN,"L0.G_mNeonGreen,iRFP720,mKate,tagBFP"
BP_T12,2023-05-10_ColorControls_BPV2,['2023-05-07-04-30'],v3,[False],1,0,True,bandpass,ERN,"L0.G_mNeonGreen,iRFP720,mKate,tagBFP"
BP_T13,2023-05-10_ColorControls_BPV2,['2023-05-07-04-30'],v3,[False],1,0,True,bandpass,ERN,"L0.G_mNeonGreen,iRFP720,mKate,tagBFP"
BP_T14,2023-05-10_ColorControls_BPV2,['2023-05-07-04-30'],v3,[False],1,0,True,bandpass,ERN,"L0.G_mNeonGreen,iRFP720,mKate,tagBFP"
BP_T15,2023-05-10_ColorControls_BPV2,['2023-05-07-04-30'],v3,[False],1,0,True,bandpass,ERN,"L0.G_mNeonGreen,iRFP720,mKate,tagBFP"
BP_T16,2023-05-10_ColorControls_BPV2,['2023-05-07-04-30'],v3,[False],1,0,True,bandpass,ERN,"L0.G_mNeonGreen,iRFP720,mKate,tagBFP"
BP_T17,2023-05-10_ColorControls_BPV2,['2023-05-07-04-30'],v3,[False],1,0,True,bandpass,ERN,"L0.G_mNeonGreen,iRFP720,mKate,tagBFP"
BP_T18,2023-05-10_ColorControls_BPV2,['2023-05-07-04-30'],v3,[False],1,0,True,bandpass,ERN,"L0.G_mNeonGreen,iRFP720,mKate,tagBFP"
BP_T19,2023-05-10_ColorControls_BPV2,['2023-05-07-04-30'],v3,[False],1,0,True,bandpass,ERN,"L0.G_mNeonGreen,iRFP720,mKate,tagBFP"
BP_T2,2023-05-10_ColorControls_BPV2,['2023-05-07-04-30'],v3,[False],1,0,True,bandpass,ERN,"L0.G_mNeonGreen,iRFP720,mKate,tagBFP"
BP_T20,2023-05-10_ColorControls_BPV2,['2023-05-07-04-30'],v3,[False],1,0,True,bandpass,ERN,"L0.G_mNeonGreen,iRFP720,mKate,tagBFP"
BP_T21,2023-05-10_ColorControls_BPV2,['2023-05-07-04-30'],v3,[False],1,0,True,bandpass,ERN,"L0.G_mNeonGreen,iRFP720,mKate,tagBFP"
BP_T22,2023-05-10_ColorControls_BPV2,['2023-05-07-04-30'],v3,[False],1,0,True,bandpass,ERN,"L0.G_mNeonGreen,iRFP720,mKate,tagBFP"
BP_T23,2023-05-10_ColorControls_BPV2,['2023-05-07-04-30'],v3,[False],1,0,True,bandpass,ERN,"L0.G_mNeonGreen,iRFP720,mKate,tagBFP"
BP_T24,2023-05-10_ColorControls_BPV2,['2023-05-07-04-30'],v3,[False],1,0,True,bandpass,ERN,"L0.G_mNeonGreen,iRFP720,mKate,tagBFP"
BP_T25,2023-05-10_ColorControls_BPV2,['2023-05-07-04-30'],v3,[False],1,0,True,bandpass,ERN,"L0.G_mNeonGreen,iRFP720,mKate,tagBFP"
BP_T3,2023-05-10_ColorControls_BPV2,['2023-05-07-04-30'],v3,[False],1,0,True,bandpass,ERN,"L0.G_mNeonGreen,iRFP720,mKate,tagBFP"
BP_T4,2023-05-10_ColorControls_BPV2,['2023-05-07-04-30'],v3,[False],1,0,True,bandpass,ERN,"L0.G_mNeonGreen,iRFP720,mKate,tagBFP"
BP_T5,2023-05-10_ColorControls_BPV2,['2023-05-07-04-30'],v3,[False],1,0,True,bandpass,ERN,"L0.G_mNeonGreen,iRFP720,mKate,tagBFP"
BP_T6,2023-05-10_ColorControls_BPV2,['2023-05-07-04-30'],v3,[False],1,0,True,bandpass,ERN,"L0.G_mNeonGreen,iRFP720,mKate,tagBFP"
BP_T7,2023-05-10_ColorControls_BPV2,['2023-05-07-04-30'],v3,[False],1,0,True,bandpass,ERN,"L0.G_mNeonGreen,iRFP720,mKate,tagBFP"
BP_T8,2023-05-10_ColorControls_BPV2,['2023-05-07-04-30'],v3,[False],1,0,True,bandpass,ERN,"L0.G_mNeonGreen,iRFP720,mKate,tagBFP"
BP_T9,2023-05-10_ColorControls_BPV2,['2023-05-07-04-30'],v3,[False],1,0,True,bandpass,ERN,"L0.G_mNeonGreen,iRFP720,mKate,tagBFP"
BPv2_T1,2023-10-03_BPv2_C31BP,['x'],v3,[False],1,0,False,unknown,unknown,
BPv2_T10,2023-10-03_BPv2_C31BP,['x'],v3,[False],1,0,False,unknown,unknown,
BPv2_T11,2023-10-03_BPv2_C31BP,['x'],v3,[False],1,0,False,unknown,unknown,
BPv2_T12,"2023-10-03_BPv2_C31BP,2023-10-10_Cascades_CCv4_2","['x', 'x']","v3,v3","[False, True]",2,0,False,unknown,unknown,
BPv2_T13,2023-10-10_Cascades_CCv4_2,['x'],v3,[True],1,0,False,unknown,unknown,
BPv2_T14_I,2023-10-16_ConstraintsV2_1_i720,['x'],v3,[False],1,0,False,unknown,unknown,
BPv2_T14_M,2023-10-16_ConstraintsV2_1_mMaroon1,['x'],no,[False],1,0,False,unknown,unknown,
BPv2_T2,2023-10-03_BPv2_C31BP,['x'],v3,[False],1,0,False,unknown,unknown,
BPv2_T3,2023-10-03_BPv2_C31BP,['x'],v3,[False],1,0,False,unknown,unknown,
BPv2_T4,2023-10-03_BPv2_C31BP,['x'],v3,[False],1,0,False,unknown,unknown,
BPv2_T5,2023-10-03_BPv2_C31BP,['x'],v3,[False],1,0,False,unknown,unknown,
BPv2_T6,2023-10-03_BPv2_C31BP,['x'],v3,[False],1,0,False,unknown,unknown,
BPv2_T7,2023-10-03_BPv2_C31BP,['x'],v3,[False],1,0,False,unknown,unknown,
BPv2_T8,2023-10-03_BPv2_C31BP,['x'],v3,[False],1,0,False,unknown,unknown,
BPv2_T9,2023-10-03_BPv2_C31BP,['x'],v3,[False],1,0,False,unknown,unknown,
BY+RY+iY,E20221124A_ERNbandpassV2,['2022-11-22'],no,[False],1,0,False,unknown,unknown,"eYFPG5A,iRFP720,mKate,tagBFP"
BY9:1,E20221124A_ERNbandpassV2,['2022-11-22'],no,[False],1,0,False,unknown,unknown,"eYFPG5A,mKate,tagBFP"
CasE,"2023-03-03_CascadesV1,2023-03-19_CascadesV2","['2023-01-19-19-00', '2023-01-19-19-00']","old,old","[False, False]",2,0,True,single,ERN,"L0.G_mNeonGreen,iRFP720,tagBFP"
CasE+42,E20221012A_massCtrls,['2022-10-10'],no,[False],1,0,True,single,ERN,"eBFP,eYFP,mKate"
CasE+out,E20221012A_massCtrls,['2022-10-10'],no,[False],1,0,False,unknown,unknown,
CasE_CoTXall,20220501-GW-l1vsl2,['2022-05-01:09h30m00s'],no,[False],1,0,False,unknown,unknown,
CascadeALLINERT,2023-04-03_Constraints_Pgu_Bleedthrough,['2023-03-31-04-30'],old,[False],1,0,True,no device,none,"L0.G_mNeonGreen,mKate,tagBFP"
CascadeCasECsy4,"2023-03-03_CascadesV1,2023-03-19_CascadesV2,2023-04-03_Constraints_Pgu_Bleedthrough,2023-06-23_Initial_ID7000,2023-08-11_Cascades1_CC,2023-09-10_Cascades1_CCv2,2023-10-01_Cascades_CCv4","['2023-01-19-19-00', '2023-01-19-19-00', '2023-03-31-04-30', '2023-06-21-20-30', 'x', 'x', 'x']","old,old,old,no,no,no,v3","[False, False, False, False, False, False, True]",7,6,False,unknown,unknown,
CascadeCasECsy4_c1,"2023-04-03_Constraints_Pgu_Bleedthrough,2023-06-23_Initial_ID7000","['2023-03-31-04-30', '2023-06-21-20-30']","old,no","[False, False]",2,0,True,cascade,ERN,"L0.G_mNeonGreen,iRFP720,mKate,tagBFP"
CascadeCasECsy4_c2,"2023-04-03_Constraints_Pgu_Bleedthrough,2023-06-23_Initial_ID7000","['2023-03-31-04-30', '2023-06-21-20-30']","old,no","[False, False]",2,0,True,cascade,ERN,"L0.G_mNeonGreen,iRFP720,mKate,tagBFP"
CascadeCasECsy4_c3,"2023-04-03_Constraints_Pgu_Bleedthrough,2023-06-23_Initial_ID7000","['2023-03-31-04-30', '2023-06-21-20-30']","old,no","[False, False]",2,0,True,cascade,ERN,"L0.G_mNeonGreen,iRFP720,mKate,tagBFP"
CascadeCasECsy4_c4,2023-06-23_Initial_ID7000,['2023-06-21-20-30'],no,[False],1,0,False,unknown,unknown,
CascadeCasECsy4_c5,2023-06-23_Initial_ID7000,['2023-06-21-20-30'],no,[False],1,0,False,unknown,unknown,
CascadeCasEPgu,"2023-03-03_CascadesV1,2023-03-19_CascadesV2,2023-04-18_Constraints_PguCascades,2023-08-11_Cascades1_CC,2023-09-10_Cascades1_CCv2,2023-10-10_Cascades_CCv4_2","['2023-01-19-19-00', '2023-01-19-19-00', '2023-04-15-16-30', 'x', 'x', 'x']","old,old,old,no,no,v3","[False, False, False, False, False, True]",6,5,False,unknown,unknown,
CascadeCsy4CasE,"2023-03-03_CascadesV1,2023-03-19_CascadesV2,2023-08-11_Cascades1_CC,2023-09-10_Cascades1_CCv2,2023-10-01_Cascades_CCv4","['2023-01-19-19-00', '2023-01-19-19-00', 'x', 'x', 'x']","old,old,no,no,v3","[False, False, False, False, True]",5,4,True,cascade,ERN,"L0.G_mNeonGreen,iRFP720,mKate,tagBFP"
CascadeCsy4Pgu,"2023-03-03_CascadesV1,2023-03-19_CascadesV2,2023-04-18_Constraints_PguCascades,2023-08-11_Cascades1_CC,2023-09-10_Cascades1_CCv2,2023-10-10_Cascades_CCv4_2","['2023-01-19-19-00', '2023-01-19-19-00', '2023-04-15-16-30', 'x', 'x', 'x']","old,old,old,no,no,v3","[False, False, False, False, False, True]",6,5,False,unknown,unknown,
CascadeINERT,"2023-04-03_Constraints_Pgu_Bleedthrough,2023-06-23_Initial_ID7000","['2023-03-31-04-30', '2023-06-21-20-30']","old,no","[False, False]",2,0,True,no device,none,"L0.G_mNeonGreen,iRFP720,mKate,tagBFP"
CascadeINERT_c1,2023-04-03_Constraints_Pgu_Bleedthrough,['2023-03-31-04-30'],old,[False],1,0,True,no device,none,"L0.G_mNeonGreen,iRFP720,mKate,tagBFP"
CascadeINERT_c2,2023-04-03_Constraints_Pgu_Bleedthrough,['2023-03-31-04-30'],old,[False],1,0,True,no device,none,"L0.G_mNeonGreen,iRFP720,mKate,tagBFP"
CascadeINERT_c3,2023-04-03_Constraints_Pgu_Bleedthrough,['2023-03-31-04-30'],old,[False],1,0,True,no device,none,"L0.G_mNeonGreen,iRFP720,mKate,tagBFP"
CascadePguCasE,"2023-03-03_CascadesV1,2023-03-19_CascadesV2,2023-08-11_Cascades1_CC,2023-09-10_Cascades1_CCv2,2023-10-01_Cascades_CCv4","['2023-01-19-19-00', '2023-01-19-19-00', 'x', 'x', 'x']","old,old,no,no,v3","[False, False, False, False, True]",5,4,False,unknown,unknown,
CascadePguCsy4,"2023-03-03_CascadesV1,2023-03-19_CascadesV2,2023-08-11_Cascades1_CC,2023-09-10_Cascades1_CCv2,2023-10-01_Cascades_CCv4","['2023-01-19-19-00', '2023-01-19-19-00', 'x', 'x', 'x']","old,old,no,no,v3","[False, False, False, False, True]",5,4,False,unknown,unknown,
Csy4,"2023-03-03_CascadesV1,2023-03-19_CascadesV2","['2023-01-19-19-00', '2023-01-19-19-00']","old,old","[False, False]",2,0,False,unknown,unknown,
DRv2_T1,2023-10-03_BPv2_C31BP,['x'],v3,[False],1,0,False,unknown,unknown,
EBFP2,"2023-05-10_LSSmOrange_EBFP2_mNG_iRFP720,2023-05-10_mKO2_EBFP2_mNG_iRFP720,2023-05-10_mKate_EBFP2_mNG_iRFP720,2023-08-25_iRFP720_tests,2023-09-10_Cascades1_CCv2,2023-10-16_ConstraintsV2_1_NoiseFloor,2023-10-16_ConstraintsV2_1_mMaroon1,2023-10-22_ConstraintsV2_2,2023-10-29_ConstraintsV2_3","['x', 'x', 'x', 'x', 'x', 'x', 'x', 'x', 'x']","no,no,no,no,no,no,no,no,no","[False, False, False, False, False, False, False, True, True]",9,0,False,unknown,unknown,
ERN_ERNuORFsum_0xCasE,"2023-04-03_Constraints_Pgu_Bleedthrough,2023-10-29_ConstraintsV2_3","['2023-03-31-04-30', 'x']","old,no","[False, True]",2,0,True,single,ERN,"L0.G_mNeonGreen,iRFP720,mKate,tagBFP"
ERN_ERNuORFsum_0xCsy4,"2023-04-03_Constraints_Pgu_Bleedthrough,2023-10-29_ConstraintsV2_3","['2023-03-31-04-30', 'x']","old,no","[False, True]",2,0,True,single,ERN,"L0.G_mNeonGreen,iRFP720,mKate,tagBFP"
ERN_ERNuORFsum_0xPgu,"2023-04-03_Constraints_Pgu_Bleedthrough,2023-10-29_ConstraintsV2_3","['2023-03-31-04-30', 'x']","old,no","[False, True]",2,0,True,single,ERN,"L0.G_mNeonGreen,iRFP720,mKate,tagBFP"
ERN_ERNuORFsum_1wCasE,"2023-04-03_Constraints_Pgu_Bleedthrough,2023-10-29_ConstraintsV2_3","['2023-03-31-04-30', 'x']","old,no","[False, True]",2,0,True,single,ERN,"L0.G_mNeonGreen,iRFP720,mKate,tagBFP"
ERN_ERNuORFsum_1wCsy4,"2023-04-03_Constraints_Pgu_Bleedthrough,2023-10-29_ConstraintsV2_3","['2023-03-31-04-30', 'x']","old,no","[False, True]",2,0,True,single,ERN,"L0.G_mNeonGreen,iRFP720,mKate,tagBFP"
ERN_ERNuORFsum_1wPgu,"2023-04-03_Constraints_Pgu_Bleedthrough,2023-10-29_ConstraintsV2_3","['2023-03-31-04-30', 'x']","old,no","[False, True]",2,0,True,single,ERN,"L0.G_mNeonGreen,iRFP720,mKate,tagBFP"
ERN_ERNuORFsum_1xCasE,"2023-04-03_Constraints_Pgu_Bleedthrough,2023-10-29_ConstraintsV2_3","['2023-03-31-04-30', 'x']","old,no","[False, True]",2,0,True,single,ERN,"L0.G_mNeonGreen,iRFP720,mKate,tagBFP"
ERN_ERNuORFsum_1xCsy4,"2023-04-03_Constraints_Pgu_Bleedthrough,2023-10-29_ConstraintsV2_3","['2023-03-31-04-30', 'x']","old,no","[False, True]",2,0,True,single,ERN,"L0.G_mNeonGreen,iRFP720,mKate,tagBFP"
ERN_ERNuORFsum_1xPgu,"2023-04-03_Constraints_Pgu_Bleedthrough,2023-10-29_ConstraintsV2_3","['2023-03-31-04-30', 'x']","old,no","[False, True]",2,0,True,single,ERN,"L0.G_mNeonGreen,iRFP720,mKate,tagBFP"
ERN_ERNuORFsum_2xCasE,"2023-04-03_Constraints_Pgu_Bleedthrough,2023-10-29_ConstraintsV2_3","['2023-03-31-04-30', 'x']","old,no","[False, True]",2,0,True,single,ERN,"L0.G_mNeonGreen,iRFP720,mKate,tagBFP"
ERN_ERNuORFsum_2xCsy4,"2023-04-03_Constraints_Pgu_Bleedthrough,2023-10-29_ConstraintsV2_3","['2023-03-31-04-30', 'x']","old,no","[False, True]",2,0,True,single,ERN,"L0.G_mNeonGreen,iRFP720,mKate,tagBFP"
ERN_ERNuORFsum_2xPgu,"2023-04-03_Constraints_Pgu_Bleedthrough,2023-10-29_ConstraintsV2_3","['2023-03-31-04-30', 'x']","old,no","[False, True]",2,0,True,single,ERN,"L0.G_mNeonGreen,iRFP720,mKate,tagBFP"
ERN_ERNuORFsum_3xCasE,"2023-04-03_Constraints_Pgu_Bleedthrough,2023-10-29_ConstraintsV2_3","['2023-03-31-04-30', 'x']","old,no","[False, True]",2,0,True,single,ERN,"L0.G_mNeonGreen,iRFP720,mKate,tagBFP"
ERN_ERNuORFsum_3xCsy4,"2023-04-03_Constraints_Pgu_Bleedthrough,2023-10-29_ConstraintsV2_3","['2023-03-31-04-30', 'x']","old,no","[False, True]",2,0,True,single,ERN,"L0.G_mNeonGreen,iRFP720,mKate,tagBFP"
ERN_ERNuORFsum_3xPgu,"2023-04-03_Constraints_Pgu_Bleedthrough,2023-10-29_ConstraintsV2_3","['2023-03-31-04-30', 'x']","old,no","[False, True]",2,0,True,single,ERN,"L0.G_mNeonGreen,iRFP720,mKate,tagBFP"
ERN_ERNuORFsum_4xCasE,"2023-04-03_Constraints_Pgu_Bleedthrough,2023-10-29_ConstraintsV2_3","['2023-03-31-04-30', 'x']","old,no","[False, True]",2,0,True,single,ERN,"L0.G_mNeonGreen,iRFP720,mKate,tagBFP"
ERN_ERNuORFsum_4xCsy4,"2023-04-03_Constraints_Pgu_Bleedthrough,2023-10-29_ConstraintsV2_3","['2023-03-31-04-30', 'x']","old,no","[False, True]",2,0,True,single,ERN,"L0.G_mNeonGreen,iRFP720,mKate,tagBFP"
ERN_ERNuORFsum_4xPgu,"2023-04-03_Constraints_Pgu_Bleedthrough,2023-10-29_ConstraintsV2_3","['2023-03-31-04-30', 'x']","old,no","[False, True]",2,0,True,single,ERN,"L0.G_mNeonGreen,iRFP720,mKate,tagBFP"
ERN_ERNuORFsum_5xCasE,"2023-04-03_Constraints_Pgu_Bleedthrough,2023-10-29_ConstraintsV2_3","['2023-03-31-04-30', 'x']","old,no","[False, True]",2,0,True,single,ERN,"L0.G_mNeonGreen,iRFP720,mKate,tagBFP"
ERN_ERNuORFsum_5xCsy4,"2023-04-03_Constraints_Pgu_Bleedthrough,2023-10-29_ConstraintsV2_3","['2023-03-31-04-30', 'x']","old,no","[False, True]",2,0,True,single,ERN,"L0.G_mNeonGreen,iRFP720,mKate,tagBFP"
ERN_ERNuORFsum_5xPgu,"2023-04-03_Constraints_Pgu_Bleedthrough,2023-10-29_ConstraintsV2_3","['2023-03-31-04-30', 'x']","old,no","[False, True]",2,0,True,single,ERN,"L0.G_mNeonGreen,iRFP720,mKate,tagBFP"
ERN_ERNuORFsum_6xCasE,"2023-04-03_Constraints_Pgu_Bleedthrough,2023-10-29_ConstraintsV2_3","['2023-03-31-04-30', 'x']","old,no","[False, True]",2,0,True,single,ERN,"L0.G_mNeonGreen,iRFP720,mKate,tagBFP"
ERN_ERNuORFsum_6xCsy4,"2023-04-03_Constraints_Pgu_Bleedthrough,2023-10-29_ConstraintsV2_3","['2023-03-31-04-30', 'x']","old,no","[False, True]",2,0,True,single,ERN,"L0.G_mNeonGreen,iRFP720,mKate,tagBFP"
ERN_ERNuORFsum_6xPgu,"2023-04-03_Constraints_Pgu_Bleedthrough,2023-10-29_ConstraintsV2_3","['2023-03-31-04-30', 'x']","old,no","[False, True]",2,0,True,single,ERN,"L0.G_mNeonGreen,iRFP720,mKate,tagBFP"
ERN_ERNuORFsum_8xCasE,"2023-04-03_Constraints_Pgu_Bleedthrough,2023-10-29_ConstraintsV2_3","['2023-03-31-04-30', 'x']","old,no","[False, True]",2,0,True,single,ERN,"L0.G_mNeonGreen,iRFP720,mKate,tagBFP"
ERN_ERNuORFsum_8xCsy4,"2023-04-03_Constraints_Pgu_Bleedthrough,2023-10-29_ConstraintsV2_3","['2023-03-31-04-30', 'x']","old,no","[False, True]",2,0,True,single,ERN,"L0.G_mNeonGreen,iRFP720,mKate,tagBFP"
ERN_ERNuORFsum_8xPgu,"2023-04-03_Constraints_Pgu_Bleedthrough,2023-10-29_ConstraintsV2_3","['2023-03-31-04-30', 'x']","old,no","[False, True]",2,0,True,single,ERN,"L0.G_mNeonGreen,iRFP720,mKate,tagBFP"
IB,2023-08-25_iRFP720_tests,['x'],no,[False],1,0,False,unknown,unknown,
Inert_Y+B,2022-11-10_uORFs_and_company,['2022-11-07'],old,[False],1,0,True,no device,none,"eBFP,eYFP"
L2_pGW0042+CasE-R,20220501-GW-l1vsl2,['2022-05-01:09h30m00s'],no,[False],1,0,False,unknown,unknown,
L2all_pGW42+10,20220501-GW-l1vsl2,['2022-05-01:09h30m00s'],no,[False],1,0,True,single,ERN,"eBFP,eYFP,mKate"
LSSmORANGE,2023-05-10_LSSmOrange_EBFP2_mNG_iRFP720,['x'],no,[False],1,0,False,unknown,unknown,
LSSmOrange,"2023-05-12_Colors1,2023-06-23_Initial_ID7000,2023-06-29_ID7000_Unmixing1,2023-07-06_ID7000_Unmixing2","['2023-05-10-04-30', '2023-06-21-20-30', '2023-06-27-20-30', '2023-07-03-20-30']","old,no,no,no","[False, False, False, False]",4,0,False,unknown,unknown,
LmO+Sirius+i720+mKO2,"2023-06-29_ID7000_Unmixing1,2023-07-06_ID7000_Unmixing2","['2023-06-27-20-30', '2023-07-03-20-30']","no,no","[False, False]",2,0,False,unknown,unknown,
LmO+Sirius+i720+mNG,"2023-06-29_ID7000_Unmixing1,2023-07-06_ID7000_Unmixing2","['2023-06-27-20-30', '2023-07-03-20-30']","no,no","[False, False]",2,0,False,unknown,unknown,
LmO+Sirius+i720+tagBFP,"2023-06-29_ID7000_Unmixing1,2023-07-06_ID7000_Unmixing2","['2023-06-27-20-30', '2023-07-03-20-30']","no,no","[False, False]",2,0,False,unknown,unknown,
LmO+mKO2+i720+mTSaph,"2023-06-29_ID7000_Unmixing1,2023-07-06_ID7000_Unmixing2","['2023-06-27-20-30', '2023-07-03-20-30']","no,no","[False, False]",2,0,False,unknown,unknown,
NW-B+pGW0010,20220501-GW-l1vsl2,['2022-05-01:09h30m00s'],no,[False],1,0,True,single,ERN,"eBFP,eYFP,mKate"
NoiseFloor_10_11,"2023-04-18_Constraints_PguCascades,2023-10-16_ConstraintsV2_1_NoiseFloor","['2023-04-15-16-30', 'x']","old,no","[False, False]",2,0,False,unknown,unknown,
NoiseFloor_1_1,"2023-04-18_Constraints_PguCascades,2023-10-16_ConstraintsV2_1_NoiseFloor","['2023-04-15-16-30', 'x']","old,no","[False, False]",2,0,False,unknown,unknown,
NoiseFloor_1_10,"2023-04-18_Constraints_PguCascades,2023-10-16_ConstraintsV2_1_NoiseFloor","['2023-04-15-16-30', 'x']","old,no","[False, False]",2,0,True,no device,none,"iRFP720,tagBFP"
NoiseFloor_1_100,"2023-04-18_Constraints_PguCascades,2023-10-16_ConstraintsV2_1_NoiseFloor","['2023-04-15-16-30', 'x']","old,no","[False, False]",2,0,True,no device,none,"iRFP720,tagBFP"
NoiseFloor_1_2,"2023-04-18_Constraints_PguCascades,2023-10-16_ConstraintsV2_1_NoiseFloor","['2023-04-15-16-30', 'x']","old,no","[False, False]",2,0,True,no device,none,"iRFP720,tagBFP"
NoiseFloor_1_20,"2023-04-18_Constraints_PguCascades,2023-10-16_ConstraintsV2_1_NoiseFloor","['2023-04-15-16-30', 'x']","old,no","[False, False]",2,0,True,no device,none,"iRFP720,tagBFP"
NoiseFloor_1_3,"2023-04-18_Constraints_PguCascades,2023-10-16_ConstraintsV2_1_NoiseFloor","['2023-04-15-16-30', 'x']","old,no","[False, False]",2,0,True,no device,none,"iRFP720,tagBFP"
NoiseFloor_1_30,"2023-04-18_Constraints_PguCascades,2023-10-16_ConstraintsV2_1_NoiseFloor","['2023-04-15-16-30', 'x']","old,no","[False, False]",2,0,False,unknown,unknown,
NoiseFloor_1_5,"2023-04-18_Constraints_PguCascades,2023-10-16_ConstraintsV2_1_NoiseFloor","['2023-04-15-16-30', 'x']","old,no","[False, False]",2,0,True,no device,none,"iRFP720,tagBFP"
NoiseFloor_1_50,"2023-04-18_Constraints_PguCascades,2023-10-16_ConstraintsV2_1_NoiseFloor","['2023-04-15-16-30', 'x']","old,no","[False, False]",2,0,True,no device,none,"iRFP720,tagBFP"
Pgu,"2023-03-03_CascadesV1,2023-03-19_CascadesV2,2023-10-29_ConstraintsV2_3","['2023-01-19-19-00', '2023-01-19-19-00', 'x']","old,old,no","[False, False, True]",3,0,True,single,ERN,"L0.G_mNeonGreen,iRFP720,tagBFP"
Ratio_1_1,2023-06-23_Initial_ID7000,['2023-06-21-20-30'],no,[False],1,0,False,unknown,unknown,
Ratio_1_10,2023-06-23_Initial_ID7000,['2023-06-21-20-30'],no,[False],1,0,False,unknown,unknown,
Ratio_1_3,2023-06-23_Initial_ID7000,['2023-06-21-20-30'],no,[False],1,0,False,unknown,unknown,
RecombCascadeCasEHL,2023-03-03_CascadesV1,['2023-01-19-19-00'],old,[False],1,0,False,unknown,unknown,
RecombCascadeCasELH,2023-03-03_CascadesV1,['2023-01-19-19-00'],old,[False],1,0,False,unknown,unknown,"L0.G_mNeonGreen,mKate,tagBFP"
RecombCascadeCasEMM,2023-03-03_CascadesV1,['2023-01-19-19-00'],old,[False],1,0,False,unknown,unknown,"L0.G_mNeonGreen,mKate,tagBFP"
RecombCascadeCsy4HL,2023-03-03_CascadesV1,['2023-01-19-19-00'],old,[False],1,0,False,unknown,unknown,"L0.G_mNeonGreen,mKate,tagBFP"
RecombCascadeCsy4LH,2023-03-03_CascadesV1,['2023-01-19-19-00'],old,[False],1,0,False,unknown,unknown,
RecombCascadeCsy4MM,2023-03-03_CascadesV1,['2023-01-19-19-00'],old,[False],1,0,False,unknown,unknown,
RecombCascadePguHL,2023-03-03_CascadesV1,['2023-01-19-19-00'],old,[False],1,0,False,unknown,unknown,
RecombCascadePguLH,2023-03-03_CascadesV1,['2023-01-19-19-00'],old,[False],1,0,False,unknown,unknown,"L0.G_mNeonGreen,mKate,tagBFP"
RecombCascadePguMM,2023-03-03_CascadesV1,['2023-01-19-19-00'],old,[False],1,0,False,unknown,unknown,"L0.G_mNeonGreen,mKate,tagBFP"
Sirius,"2023-05-12_Colors1,2023-06-23_Initial_ID7000,2023-06-29_ID7000_Unmixing1,2023-07-06_ID7000_Unmixing2","['2023-05-10-04-30', '2023-06-21-20-30', '2023-06-27-20-30', '2023-07-03-20-30']","old,no,no,no","[False, False, False, False]",4,0,False,unknown,unknown,
attInvNG,RecombinaseT2,['2022-08-02'],no,[False],1,0,False,unknown,unknown,
attNG,RecombinaseT2,['2022-08-02'],no,[False],1,0,False,unknown,unknown,
attNG1xu,RecombinaseT2,['2022-08-02'],no,[False],1,0,False,unknown,unknown,
attP-NG-attB_PhiC_PhiC-RDF,"2022-11-01_Recombinase_Timelapse_V2_24hrs,2022-11-01_Recombinase_Timelapse_V2_24hrs_TASBE,2022-11-02_Recombinase_Timelapse_V2_48hrs,2022-11-02_Recombinase_Timelapse_V2_48hrs_TASBE,2022-11-03_Recombinase_Timelapse_V2_72hrs,2022-11-03_Recombinase_Timelapse_V2_72hrs_TASBE,2022-11-04_Recombinase_Timelapse_V2_96hrs,2022-11-04_Recombinase_Timelapse_V2_96hrs_TASBE","['2022-10-31', '2022-10-31-14-20', '2022-10-31', '2022-10-31-14-20', '2022-10-31', '2022-10-31-14-20', '2022-10-31', '2022-10-31-14-20']","no,no,no,no,no,no,no,no","[False, False, False, False, False, False, False, False]",8,0,False,unknown,unknown,"L0.G_mNeonGreen,iRFP720,mKate,tagBFP"
attP-NG-attB_PhiC_RDF,"2022-11-01_Recombinase_Timelapse_V2_24hrs,2022-11-01_Recombinase_Timelapse_V2_24hrs_TASBE,2022-11-02_Recombinase_Timelapse_V2_48hrs,2022-11-02_Recombinase_Timelapse_V2_48hrs_TASBE,2022-11-03_Recombinase_Timelapse_V2_72hrs,2022-11-03_Recombinase_Timelapse_V2_72hrs_TASBE,2022-11-04_Recombinase_Timelapse_V2_96hrs,2022-11-04_Recombinase_Timelapse_V2_96hrs_TASBE","['2022-10-31', '2022-10-31-14-20', '2022-10-31', '2022-10-31-14-20', '2022-10-31', '2022-10-31-14-20', '2022-10-31', '2022-10-31-14-20']","no,no,no,no,no,no,no,no","[False, False, False, False, False, False, False, False]",8,0,False,unknown,unknown,
attP-invNG-attB_PhiC,"2022-11-01_Recombinase_Timelapse_V2_24hrs,2022-11-01_Recombinase_Timelapse_V2_24hrs_TASBE,2022-11-02_Recombinase_Timelapse_V2_48hrs,2022-11-02_Recombinase_Timelapse_V2_48hrs_TASBE,2022-11-03_Recombinase_Timelapse_V2_72hrs,2022-11-03_Recombinase_Timelapse_V2_72hrs_TASBE,2022-11-04_Recombinase_Timelapse_V2_96hrs,2022-11-04_Recombinase_Timelapse_V2_96hrs_TASBE","['2022-10-31', '2022-10-31-14-20', '2022-10-31', '2022-10-31-14-20', '2022-10-31', '2022-10-31-14-20', '2022-10-31', '2022-10-31-14-20']","no,no,no,no,no,no,no,no","[False, False, False, False, False, False, False, False]",8,0,False,unknown,unknown,
attP-invNG-attB_PhiC_PhiC-RDF,"2022-11-01_Recombinase_Timelapse_V2_24hrs,2022-11-01_Recombinase_Timelapse_V2_24hrs_TASBE,2022-11-02_Recombinase_Timelapse_V2_48hrs,2022-11-02_Recombinase_Timelapse_V2_48hrs_TASBE,2022-11-03_Recombinase_Timelapse_V2_72hrs,2022-11-03_Recombinase_Timelapse_V2_72hrs_TASBE,2022-11-04_Recombinase_Timelapse_V2_96hrs,2022-11-04_Recombinase_Timelapse_V2_96hrs_TASBE","['2022-10-31', '2022-10-31-14-20', '2022-10-31', '2022-10-31-14-20', '2022-10-31', '2022-10-31-14-20', '2022-10-31', '2022-10-31-14-20']","no,no,no,no,no,no,no,no","[False, False, False, False, False, False, False, False]",8,0,False,unknown,unknown,
attP-invNG-attB_PhiC_RDF,"2022-11-01_Recombinase_Timelapse_V2_24hrs,2022-11-01_Recombinase_Timelapse_V2_24hrs_TASBE,2022-11-02_Recombinase_Timelapse_V2_48hrs,2022-11-02_Recombinase_Timelapse_V2_48hrs_TASBE,2022-11-03_Recombinase_Timelapse_V2_72hrs,2022-11-03_Recombinase_Timelapse_V2_72hrs_TASBE,2022-11-04_Recombinase_Timelapse_V2_96hrs,2022-11-04_Recombinase_Timelapse_V2_96hrs_TASBE","['2022-10-31', '2022-10-31-14-20', '2022-10-31', '2022-10-31-14-20', '2022-10-31', '2022-10-31-14-20', '2022-10-31', '2022-10-31-14-20']","no,no,no,no,no,no,no,no","[False, False, False, False, False, False, False, False]",8,0,False,unknown,unknown,
attR-invNG-attL_PhiC-RDF,"2022-11-01_Recombinase_Timelapse_V2_24hrs,2022-11-01_Recombinase_Timelapse_V2_24hrs_TASBE,2022-11-02_Recombinase_Timelapse_V2_48hrs,2022-11-02_Recombinase_Timelapse_V2_48hrs_TASBE,2022-11-03_Recombinase_Timelapse_V2_72hrs,2022-11-03_Recombinase_Timelapse_V2_72hrs_TASBE,2022-11-04_Recombinase_Timelapse_V2_96hrs,2022-11-04_Recombinase_Timelapse_V2_96hrs_TASBE","['2022-10-31', '2022-10-31-14-20', '2022-10-31', '2022-10-31-14-20', '2022-10-31', '2022-10-31-14-20', '2022-10-31', '2022-10-31-14-20']","no,no,no,no,no,no,no,no","[False, False, False, False, False, False, False, False]",8,0,False,unknown,unknown,
eYFP,"2023-05-12_Colors1,2023-06-23_Initial_ID7000,2023-06-29_ID7000_Unmixing1,2023-07-06_ID7000_Unmixing2","['2023-05-10-04-30', '2023-06-21-20-30', '2023-06-27-20-30', '2023-07-03-20-30']","old,no,no,no","[False, False, False, False]",4,0,False,unknown,unknown,
iRFP720,"2023-05-10_LSSmOrange_EBFP2_mNG_iRFP720,2023-05-10_mKO2_EBFP2_mNG_iRFP720,2023-05-10_mKO2_tagBFP_mNG_iRFP720,2023-05-10_mKate_EBFP2_mNG_iRFP720,2023-05-12_Colors1,2023-06-23_Initial_ID7000,2023-06-29_ID7000_Unmixing1,2023-07-06_ID7000_Unmixing2,2023-08-04_mKO2_tagBFP_mNG_iRFP720_v2,2023-08-04_mKO2_tagBFP_mNG_iRFP720_v3,2023-08-04_tdT_tagBFP_mNG_iRFP720,2023-08-25_iRFP720_tests,2023-09-10_Cascades1_CCv2","['x', 'x', 'x', 'x', '2023-05-10-04-30', '2023-06-21-20-30', '2023-06-27-20-30', '2023-07-03-20-30', 'x', 'x', 'x', 'x', 'x']","no,no,no,no,old,no,no,no,no,no,no,no,no","[False, False, False, False, False, False, False, False, False, False, False, False, False]",13,4,False,unknown,unknown,
mKO2,"2023-05-10_mKO2_EBFP2_mNG_iRFP720,2023-05-10_mKO2_tagBFP_mNG_iRFP720,2023-05-12_Colors1,2023-06-23_Initial_ID7000,2023-06-29_ID7000_Unmixing1,2023-07-06_ID7000_Unmixing2,2023-08-04_mKO2_tagBFP_mNG_iRFP720_v2,2023-08-04_mKO2_tagBFP_mNG_iRFP720_v3,2023-09-10_Cascades1_CCv2,2023-10-16_ConstraintsV2_1_NoiseFloor,2023-10-16_ConstraintsV2_1_mMaroon1,2023-10-22_ConstraintsV2_2,2023-10-29_ConstraintsV2_3","['x', 'x', '2023-05-10-04-30', '2023-06-21-20-30', '2023-06-27-20-30', '2023-07-03-20-30', 'x', 'x', 'x', 'x', 'x', 'x', 'x']","no,no,old,no,no,no,no,no,no,no,no,no,no","[False, False, False, False, False, False, False, False, False, False, False, True, True]",13,2,False,unknown,unknown,mKO2
mKO2+iRFP720,"2023-06-29_ID7000_Unmixing1,2023-07-06_ID7000_Unmixing2","['2023-06-27-20-30', '2023-07-03-20-30']","no,no","[False, False]",2,0,False,unknown,unknown,
mKate,"2023-05-10_mKate_EBFP2_mNG_iRFP720,2023-05-12_Colors1,2023-06-23_Initial_ID7000,2023-06-29_ID7000_Unmixing1,2023-07-06_ID7000_Unmixing2","['x', '2023-05-10-04-30', '2023-06-21-20-30', '2023-06-27-20-30', '2023-07-03-20-30']","no,old,no,no,no","[False, False, False, False, False]",5,1,False,unknown,unknown,
mKate+iRFP720,"2023-06-29_ID7000_Unmixing1,2023-07-06_ID7000_Unmixing2","['2023-06-27-20-30', '2023-07-03-20-30']","no,no","[False, False]",2,0,False,unknown,unknown,
mMaroon1,"2023-10-16_ConstraintsV2_1_mMaroon1,2023-10-22_ConstraintsV2_2,2023-10-29_ConstraintsV2_3","['x', 'x', 'x']","no,no,no","[False, True, True]",3,0,False,unknown,unknown,
mNG+i720+mKO2+tagBFP,"2023-05-12_Colors1,2023-06-23_Initial_ID7000,2023-06-29_ID7000_Unmixing1,2023-07-06_ID7000_Unmixing2","['2023-05-10-04-30', '2023-06-21-20-30', '2023-06-27-20-30', '2023-07-03-20-30']","old,no,no,no","[False, False, False, False]",4,0,False,unknown,unknown,
mNG+i720+mKate+tagBFP,"2023-05-12_Colors1,2023-06-23_Initial_ID7000,2023-06-29_ID7000_Unmixing1,2023-07-06_ID7000_Unmixing2","['2023-05-10-04-30', '2023-06-21-20-30', '2023-06-27-20-30', '2023-07-03-20-30']","old,no,no,no","[False, False, False, False]",4,0,False,unknown,unknown,"L0.G_mNeonGreen,iRFP720,mKate,tagBFP"
mNG_iRFP720,2023-10-16_ConstraintsV2_1_i720,['x'],v3,[False],1,0,False,unknown,unknown,
mNG_mMaroon1,2023-10-16_ConstraintsV2_1_mMaroon1,['x'],no,[False],1,0,False,unknown,unknown,
mNeonGreen,"2023-05-10_LSSmOrange_EBFP2_mNG_iRFP720,2023-05-10_mKO2_EBFP2_mNG_iRFP720,2023-05-10_mKO2_tagBFP_mNG_iRFP720,2023-05-10_mKate_EBFP2_mNG_iRFP720,2023-08-04_mKO2_tagBFP_mNG_iRFP720_v2,2023-08-04_mKO2_tagBFP_mNG_iRFP720_v3,2023-08-04_tdT_tagBFP_mNG_iRFP720","['x', 'x', 'x', 'x', 'x', 'x', 'x']","no,no,no,no,no,no,no","[False, False, False, False, False, False, False]",7,0,False,unknown,unknown,
mNeongreen,"2023-05-12_Colors1,2023-06-23_Initial_ID7000,2023-06-29_ID7000_Unmixing1,2023-07-06_ID7000_Unmixing2","['2023-05-10-04-30', '2023-06-21-20-30', '2023-06-27-20-30', '2023-07-03-20-30']","old,no,no,no","[False, False, False, False]",4,0,False,unknown,unknown,
mTSapphire,"2023-05-12_Colors1,2023-06-23_Initial_ID7000,2023-06-29_ID7000_Unmixing1,2023-07-06_ID7000_Unmixing2","['2023-05-10-04-30', '2023-06-21-20-30', '2023-06-27-20-30', '2023-07-03-20-30']","old,no,no,no","[False, False, False, False]",4,0,False,unknown,unknown,
mneongreen,"2023-09-10_Cascades1_CCv2,2023-10-16_ConstraintsV2_1_mMaroon1,2023-10-22_ConstraintsV2_2,2023-10-29_ConstraintsV2_3","['x', 'x', 'x', 'x']","no,no,no,no","[False, False, True, True]",4,0,False,unknown,unknown,
out+10,E20221012A_massCtrls,['2022-10-10'],no,[False],1,0,False,unknown,unknown,
rec_0xrec_CasE,2023-04-18_Constraints_PguCascades,['2023-04-15-16-30'],old,[False],1,0,False,unknown,unknown,
rec_0xrec_Csy4,2023-04-18_Constraints_PguCascades,['2023-04-15-16-30'],old,[False],1,0,True,single,ERN,"L0.G_mNeonGreen,iRFP720,mKate,tagBFP"
tagBFP,"2023-05-10_mKO2_tagBFP_mNG_iRFP720,2023-05-12_Colors1,2023-06-23_Initial_ID7000,2023-06-29_ID7000_Unmixing1,2023-07-06_ID7000_Unmixing2,2023-08-04_mKO2_tagBFP_mNG_iRFP720_v2,2023-08-04_mKO2_tagBFP_mNG_iRFP720_v3,2023-08-04_tdT_tagBFP_mNG_iRFP720,2023-09-10_Cascades1_CCv2,2023-10-16_ConstraintsV2_1_NoiseFloor,2023-10-16_ConstraintsV2_1_mMaroon1,2023-10-22_ConstraintsV2_2,2023-10-29_ConstraintsV2_3","['x', '2023-05-10-04-30', '2023-06-21-20-30', '2023-06-27-20-30', '2023-07-03-20-30', 'x', 'x', 'x', 'x', 'x', 'x', 'x', 'x']","no,old,no,no,no,no,no,no,no,no,no,no,no","[False, False, False, False, False, False, False, False, False, False, False, True, True]",13,1,False,unknown,unknown,
tdTomato,2023-08-04_tdT_tagBFP_mNG_iRFP720,['x'],no,[False],1,0,False,unknown,unknown,
uORFsum0x,"2023-04-18_Constraints_PguCascades,2023-10-22_ConstraintsV2_2","['2023-04-15-16-30', 'x']","old,no","[False, True]",2,0,False,unknown,unknown,
uORFsum1w,"2023-04-18_Constraints_PguCascades,2023-10-22_ConstraintsV2_2","['2023-04-15-16-30', 'x']","old,no","[False, True]",2,0,False,unknown,unknown,
uORFsum1x,"2023-04-18_Constraints_PguCascades,2023-10-22_ConstraintsV2_2","['2023-04-15-16-30', 'x']","old,no","[False, True]",2,0,True,no device,none,"1xiRFP720,L0.G_mNeonGreen,iRFP720,mKate,tagBFP"
uORFsum2x,"2023-04-18_Constraints_PguCascades,2023-10-22_ConstraintsV2_2","['2023-04-15-16-30', 'x']","old,no","[False, True]",2,0,False,unknown,unknown,
uORFsum3x,"2023-04-18_Constraints_PguCascades,2023-10-22_ConstraintsV2_2","['2023-04-15-16-30', 'x']","old,no","[False, True]",2,0,False,unknown,unknown,
uORFsum4x,"2023-04-18_Constraints_PguCascades,2023-10-22_ConstraintsV2_2","['2023-04-15-16-30', 'x']","old,no","[False, True]",2,0,False,unknown,unknown,
uORFsum5x,"2023-04-18_Constraints_PguCascades,2023-10-22_ConstraintsV2_2","['2023-04-15-16-30', 'x']","old,no","[False, True]",2,0,True,no device,none,"L0.G_mNeonGreen,iRFP720,mKate,tagBFP"
uORFsum6x,"2023-04-18_Constraints_PguCascades,2023-10-22_ConstraintsV2_2","['2023-04-15-16-30', 'x']","old,no","[False, True]",2,0,False,unknown,unknown,
uORFsum8x,"2023-04-18_Constraints_PguCascades,2023-10-22_ConstraintsV2_2","['2023-04-15-16-30', 'x']","old,no","[False, True]",2,0,True,no device,none,"L0.G_mNeonGreen,iRFP720,mKate,tagBFP"
